Date,Comparison price,Account value,Deposit,Cumulative deposits,Comparison shares bought,Cumulative comparison shares,Comparison account value,Account as percentage of comparison,Hypothetical account share price
5/24/2019,2826.06,0.0,400.0,400.0,0.1415,0.1415,400.0,1.0,2826.06
5/28/2019,2802.39,400.0,0.0,400.0,0.0,0.1415,396.6498,1.0084,2826.06
5/29/2019,2783.02,400.0,0.0,400.0,0.0,0.1415,393.9081,1.0155,2826.06
5/30/2019,2788.86,400.0,0.0,400.0,0.0,0.1415,394.7347,1.0133,2826.06
5/31/2019,2752.06,400.0,0.0,400.0,0.0,0.1415,389.5261,1.0269,2826.06
6/3/2019,2744.45,400.0,0.0,400.0,0.0,0.1415,388.4489,1.0297,2826.06
6/4/2019,2803.27,400.0,0.0,400.0,0.0,0.1415,396.7743,1.0081,2826.06
6/5/2019,2826.15,400.0,0.0,400.0,0.0,0.1415,400.0127,1.0,2826.06
6/6/2019,2843.49,400.0,0.0,400.0,0.0,0.1415,402.467,0.9939,2826.06
6/7/2019,2873.34,402.73,0.0,400.0,0.0,0.1415,406.692,0.9903,2845.3479
6/10/2019,2886.73,404.33,0.0,400.0,0.0,0.1415,408.5872,0.9896,2856.6521
6/11/2019,2885.72,404.51,0.0,400.0,0.0,0.1415,408.4443,0.9904,2857.9238
6/12/2019,2879.84,404.17,0.0,400.0,0.0,0.1415,407.612,0.9916,2855.5217
6/13/2019,2891.64,405.29,0.0,400.0,0.0,0.1415,409.2822,0.9902,2863.4346
6/14/2019,2886.98,404.95,0.0,400.0,0.0,0.1415,408.6226,0.991,2861.0325
6/17/2019,2889.67,405.41,0.0,400.0,0.0,0.1415,409.0033,0.9912,2864.2825
6/18/2019,2917.75,407.23,0.0,400.0,0.0,0.1415,412.9778,0.9861,2877.141
6/19/2019,2926.46,408.15,0.0,400.0,0.0,0.1415,414.2106,0.9854,2883.641
6/20/2019,2954.18,410.35,0.0,400.0,0.0,0.1415,418.1341,0.9814,2899.1843
6/21/2019,2950.46,409.13,0.0,400.0,0.0,0.1415,417.6076,0.9797,2890.5648
6/24/2019,2945.35,408.01,0.0,400.0,0.0,0.1415,416.8843,0.9787,2882.6519
6/25/2019,2917.38,405.41,0.0,400.0,0.0,0.1415,412.9254,0.9818,2864.2825
6/26/2019,2913.78,404.85,0.0,400.0,0.0,0.1415,412.4159,0.9817,2860.326
6/27/2019,2924.92,406.87,0.0,400.0,0.0,0.1415,413.9926,0.9828,2874.5976
6/28/2019,2941.76,408.93,0.0,400.0,0.0,0.1415,416.3762,0.9821,2889.1518
7/1/2019,2964.33,410.1,0.0,400.0,0.0,0.1415,419.5707,0.9774,2897.418
7/2/2019,2973.01,411.17,0.0,400.0,0.0,0.1415,420.7993,0.9771,2904.9777
7/3/2019,2995.82,413.2,0.0,400.0,0.0,0.1415,424.0278,0.9745,2919.32
7/5/2019,2990.41,412.64,0.0,400.0,0.0,0.1415,423.2621,0.9749,2915.3635
7/8/2019,2975.95,411.8,0.0,400.0,0.0,0.1415,421.2154,0.9776,2909.4288
7/9/2019,2979.63,412.08,0.0,400.0,0.0,0.1415,421.7363,0.9771,2911.407
7/10/2019,2993.07,413.22,0.0,400.0,0.0,0.1415,423.6386,0.9754,2919.4613
7/11/2019,2999.91,412.89,0.0,400.0,0.0,0.1415,424.6067,0.9724,2917.1298
7/12/2019,3013.77,413.84,0.0,400.0,0.0,0.1415,426.5684,0.9702,2923.8417
7/15/2019,3014.3,413.92,0.0,400.0,0.0,0.1415,426.6435,0.9702,2924.4069
7/16/2019,3004.04,413.02,0.0,400.0,0.0,0.1415,425.1913,0.9714,2918.0483
7/17/2019,2984.42,411.8,0.0,400.0,0.0,0.1415,422.4142,0.9749,2909.4288
7/18/2019,2995.11,412.66,0.0,400.0,0.0,0.1415,423.9273,0.9734,2915.5048
7/19/2019,2976.61,1011.17,600.0,1000.0,0.2016,0.3431,1021.3088,0.9901,2947.0604
7/22/2019,2985.03,1011.31,0.0,1000.0,0.0,0.3431,1024.1978,0.9874,2947.4684
7/23/2019,3005.47,1013.07,0.0,1000.0,0.0,0.3431,1031.211,0.9824,2952.5979
7/24/2019,3019.56,1015.21,0.0,1000.0,0.0,0.3431,1036.0455,0.9799,2958.835
7/25/2019,3003.67,1011.45,0.0,1000.0,0.0,0.3431,1030.5934,0.9814,2947.8764
7/26/2019,3025.86,1015.34,0.0,1000.0,0.0,0.3431,1038.2071,0.978,2959.2138
7/29/2019,3020.97,1015.17,0.0,1000.0,0.0,0.3431,1036.5292,0.9794,2958.7184
7/30/2019,3013.18,1013.01,0.0,1000.0,0.0,0.3431,1033.8564,0.9798,2952.423
7/31/2019,2980.38,1008.2,0.0,1000.0,0.0,0.3431,1022.6023,0.9859,2938.4043
8/1/2019,2953.56,986.38,0.0,1000.0,0.0,0.3431,1013.4001,0.9733,2874.8098
8/2/2019,2932.05,975.25,0.0,1000.0,0.0,0.3431,1006.0198,0.9694,2842.3713
8/5/2019,2844.74,943.46,0.0,1000.0,0.0,0.3431,976.0627,0.9666,2749.7192
8/6/2019,2881.77,1130.7,200.0,1200.0,0.0694,0.4125,1188.7681,0.9512,2741.0033
8/7/2019,2883.98,1141.02,0.0,1200.0,0.0,0.4125,1189.6798,0.9591,2766.0206
8/8/2019,2938.09,1149.92,0.0,1200.0,0.0,0.4125,1212.0009,0.9488,2787.5957
8/9/2019,2918.65,1147.73,0.0,1200.0,0.0,0.4125,1203.9816,0.9533,2782.2868
8/12/2019,2883.75,1143.24,0.0,1200.0,0.0,0.4125,1189.5849,0.961,2771.4023
8/13/2019,2926.32,1148.82,0.0,1200.0,0.0,0.4125,1207.1456,0.9517,2784.9291
8/14/2019,2840.6,1135.34,0.0,1200.0,0.0,0.4125,1171.785,0.9689,2752.2514
8/15/2019,2847.6,1136.41,0.0,1200.0,0.0,0.4125,1174.6726,0.9674,2754.8452
8/16/2019,2888.68,1142.75,0.0,1200.0,0.0,0.4125,1191.6186,0.959,2770.2145
8/19/2019,2923.65,1147.76,0.0,1200.0,0.0,0.4125,1206.0442,0.9517,2782.3595
8/20/2019,2900.51,1144.09,0.0,1200.0,0.0,0.4125,1196.4986,0.9562,2773.4628
8/21/2019,2924.43,1148.22,0.0,1200.0,0.0,0.4125,1206.3659,0.9518,2783.4746
8/22/2019,2922.95,1147.43,0.0,1200.0,0.0,0.4125,1205.7554,0.9516,2781.5595
8/23/2019,2847.11,1136.94,0.0,1200.0,0.0,0.4125,1174.4704,0.968,2756.1301
8/26/2019,2878.38,1142.05,0.0,1200.0,0.0,0.4125,1187.3697,0.9618,2768.5175
8/27/2019,2869.16,1139.66,0.0,1200.0,0.0,0.4125,1183.5663,0.9629,2762.7238
8/28/2019,2887.94,1143.3,0.0,1200.0,0.0,0.4125,1191.3133,0.9597,2771.5477
8/29/2019,2924.58,1149.32,0.0,1200.0,0.0,0.4125,1206.4278,0.9527,2786.1412
8/30/2019,2926.46,1150.72,0.0,1200.0,0.0,0.4125,1207.2033,0.9532,2789.535
9/3/2019,2906.27,1647.49,500.0,1700.0,0.172,0.5846,1698.8747,0.9698,2818.366
9/4/2019,2937.78,1654.66,0.0,1700.0,0.0,0.5846,1717.294,0.9635,2830.6318
9/5/2019,2976.0,1661.29,0.0,1700.0,0.0,0.5846,1739.6357,0.955,2841.9737
9/6/2019,2978.71,1663.06,0.0,1700.0,0.0,0.5846,1741.2199,0.9551,2845.0017
9/9/2019,2978.43,1663.91,0.0,1700.0,0.0,0.5846,1741.0562,0.9557,2846.4558
9/10/2019,2979.39,1663.78,0.0,1700.0,0.0,0.5846,1741.6174,0.9553,2846.2334
9/11/2019,3000.93,1668.6,0.0,1700.0,0.0,0.5846,1754.2087,0.9512,2854.479
9/12/2019,3009.57,1670.23,0.0,1700.0,0.0,0.5846,1759.2592,0.9494,2857.2674
9/13/2019,3007.39,1668.17,0.0,1700.0,0.0,0.5846,1757.9849,0.9489,2853.7434
9/16/2019,2997.96,1666.19,0.0,1700.0,0.0,0.5846,1752.4726,0.9508,2850.3562
9/17/2019,3005.7,1666.96,0.0,1700.0,0.0,0.5846,1756.997,0.9488,2851.6734
9/18/2019,3006.73,1666.56,0.0,1700.0,0.0,0.5846,1757.5991,0.9482,2850.9891
9/19/2019,3006.79,1667.09,0.0,1700.0,0.0,0.5846,1757.6342,0.9485,2851.8958
9/20/2019,2992.07,1962.56,300.0,2000.0,0.1003,0.6848,2049.0295,0.9578,2865.8039
9/23/2019,2991.78,1961.73,0.0,2000.0,0.0,0.6848,2048.8309,0.9575,2864.5919
9/24/2019,2966.6,1957.84,0.0,2000.0,0.0,0.6848,2031.5872,0.9637,2858.9116
9/25/2019,2984.87,1959.74,0.0,2000.0,0.0,0.6848,2044.0988,0.9587,2861.6861
9/26/2019,2977.62,1962.84,0.0,2000.0,0.0,0.6848,2039.1339,0.9626,2866.2128
9/27/2019,2961.79,1961.69,0.0,2000.0,0.0,0.6848,2028.2932,0.9672,2864.5335
9/30/2019,2976.74,1963.97,0.0,2000.0,0.0,0.6848,2038.5312,0.9634,2867.8629
10/1/2019,2940.25,1956.0,0.0,2000.0,0.0,0.6848,2013.5422,0.9714,2856.2248
10/2/2019,2887.61,1944.21,0.0,2000.0,0.0,0.6848,1977.4932,0.9832,2839.0086
10/3/2019,2910.63,1950.74,0.0,2000.0,0.0,0.6848,1993.2578,0.9787,2848.5439
10/4/2019,2952.01,1959.85,0.0,2000.0,0.0,0.6848,2021.5956,0.9695,2861.8467
10/7/2019,2938.79,1957.27,0.0,2000.0,0.0,0.6848,2012.5423,0.9725,2858.0793
10/8/2019,2893.06,1946.02,0.0,2000.0,0.0,0.6848,1981.2255,0.9822,2841.6516
10/9/2019,2919.4,1951.3,0.0,2000.0,0.0,0.6848,1999.2637,0.976,2849.3617
10/10/2019,2938.13,1955.86,0.0,2000.0,0.0,0.6848,2012.0903,0.9721,2856.0204
10/11/2019,2970.27,1963.16,0.0,2000.0,0.0,0.6848,2034.1005,0.9651,2866.6801
10/14/2019,2966.15,1962.0,0.0,2000.0,0.0,0.6848,2031.279,0.9659,2864.9862
10/15/2019,2995.68,1968.67,0.0,2000.0,0.0,0.6848,2051.5017,0.9596,2874.726
10/16/2019,2989.69,1968.16,0.0,2000.0,0.0,0.6848,2047.3997,0.9613,2873.9813
10/17/2019,2997.95,1969.76,0.0,2000.0,0.0,0.6848,2053.0563,0.9594,2876.3177
10/18/2019,2986.2,1967.22,0.0,2000.0,0.0,0.6848,2045.0096,0.962,2872.6087
10/21/2019,3006.72,1972.52,0.0,2000.0,0.0,0.6848,2059.0621,0.958,2880.3479
10/22/2019,2995.99,1970.9,0.0,2000.0,0.0,0.6848,2051.714,0.9606,2877.9823
10/23/2019,3004.52,1973.63,0.0,2000.0,0.0,0.6848,2057.5555,0.9592,2881.9688
10/24/2019,3010.29,1975.05,0.0,2000.0,0.0,0.6848,2061.5069,0.9581,2884.0423
10/25/2019,3022.55,1976.73,0.0,2000.0,0.0,0.6848,2069.9028,0.955,2886.4955
10/28/2019,3039.42,2180.02,200.0,2200.0,0.0658,0.7506,2281.4558,0.9555,2904.2844
10/29/2019,3036.89,2180.9,0.0,2200.0,0.0,0.7506,2279.5567,0.9567,2905.4568
10/30/2019,3046.77,2183.07,0.0,2200.0,0.0,0.7506,2286.9728,0.9546,2908.3477
10/31/2019,3037.56,2180.54,0.0,2200.0,0.0,0.7506,2280.0596,0.9564,2904.9772
11/1/2019,3066.91,2187.15,0.0,2200.0,0.0,0.7506,2302.0904,0.9501,2913.7832
11/4/2019,3078.27,2189.36,0.0,2200.0,0.0,0.7506,2310.6174,0.9475,2916.7274
11/5/2019,3074.62,2185.77,0.0,2200.0,0.0,0.7506,2307.8777,0.9471,2911.9447
11/6/2019,3076.78,2186.35,0.0,2200.0,0.0,0.7506,2309.499,0.9467,2912.7174
11/7/2019,3085.18,2185.77,0.0,2200.0,0.0,0.7506,2315.8042,0.9438,2911.9447
11/8/2019,3093.08,2185.97,0.0,2200.0,0.0,0.7506,2321.7341,0.9415,2912.2112
11/11/2019,3087.01,2183.45,0.0,2200.0,0.0,0.7506,2317.1779,0.9423,2908.854
11/12/2019,3091.84,2184.07,0.0,2200.0,0.0,0.7506,2320.8034,0.9411,2909.6799
11/13/2019,3094.04,2186.34,0.0,2200.0,0.0,0.7506,2322.4547,0.9414,2912.7041
11/14/2019,3096.63,2187.76,0.0,2200.0,0.0,0.7506,2324.3988,0.9412,2914.5959
11/15/2019,3120.46,2193.66,0.0,2200.0,0.0,0.7506,2342.2862,0.9365,2922.456
11/18/2019,3122.03,2194.1,0.0,2200.0,0.0,0.7506,2343.4646,0.9363,2923.0422
11/19/2019,3120.18,2191.89,0.0,2200.0,0.0,0.7506,2342.076,0.9359,2920.098
11/20/2019,3108.46,2189.92,0.0,2200.0,0.0,0.7506,2333.2787,0.9386,2917.4735
11/21/2019,3103.54,2187.39,0.0,2200.0,0.0,0.7506,2329.5856,0.939,2914.1029
11/22/2019,3110.29,2189.45,0.0,2200.0,0.0,0.7506,2334.6523,0.9378,2916.8473
11/25/2019,3133.64,2194.87,0.0,2200.0,0.0,0.7506,2352.1794,0.9331,2924.068
11/26/2019,3140.52,2197.24,0.0,2200.0,0.0,0.7506,2357.3436,0.9321,2927.2254
11/27/2019,3153.63,2201.22,0.0,2200.0,0.0,0.7506,2367.1843,0.9299,2932.5277
11/29/2019,3140.98,2307.32,110.0,2310.0,0.035,0.7856,2467.6889,0.935,2936.8556
12/2/2019,3113.87,2299.46,0.0,2310.0,0.0,0.7856,2446.3902,0.9399,2926.851
12/3/2019,3093.2,2295.22,0.0,2310.0,0.0,0.7856,2430.1509,0.9445,2921.4542
12/4/2019,3112.76,2301.49,0.0,2310.0,0.0,0.7856,2445.5181,0.9411,2929.4349
12/5/2019,3117.43,2302.28,0.0,2310.0,0.0,0.7856,2449.187,0.94,2930.4404
12/6/2019,3145.91,2309.23,0.0,2310.0,0.0,0.7856,2471.5622,0.9343,2939.2867
12/9/2019,3135.96,2307.71,0.0,2310.0,0.0,0.7856,2463.745,0.9367,2937.352
12/10/2019,3132.52,2306.05,0.0,2310.0,0.0,0.7856,2461.0424,0.937,2935.2391
12/11/2019,3141.63,2307.31,0.0,2310.0,0.0,0.7856,2468.1996,0.9348,2936.8428
12/12/2019,3168.57,2313.32,0.0,2310.0,0.0,0.7856,2489.3648,0.9293,2944.4926
12/13/2019,3168.8,2313.31,0.0,2310.0,0.0,0.7856,2489.5455,0.9292,2944.4799
12/16/2019,3191.45,2321.5,0.0,2310.0,0.0,0.7856,2507.3403,0.9259,2954.9045
12/17/2019,3192.52,2321.8,0.0,2310.0,0.0,0.7856,2508.181,0.9257,2955.2863
12/18/2019,3191.14,2325.4,0.0,2310.0,0.0,0.7856,2507.0968,0.9275,2959.8686
12/19/2019,3205.37,2328.76,0.0,2310.0,0.0,0.7856,2518.2765,0.9247,2964.1453
12/20/2019,3221.22,2329.93,0.0,2310.0,0.0,0.7856,2530.7289,0.9207,2965.6345
12/23/2019,3224.01,2327.21,0.0,2310.0,0.0,0.7856,2532.9209,0.9188,2962.1724
12/24/2019,3223.38,2719.47,390.0,2700.0,0.121,0.9066,2922.4259,0.9306,2999.5235
12/26/2019,3239.91,2725.64,0.0,2700.0,0.0,0.9066,2937.4126,0.9279,3006.3289
12/27/2019,3240.02,2729.99,0.0,2700.0,0.0,0.9066,2937.5123,0.9294,3011.1269
12/30/2019,3221.29,2721.08,0.0,2700.0,0.0,0.9066,2920.5311,0.9317,3001.2993
12/31/2019,3230.78,2727.33,0.0,2700.0,0.0,0.9066,2929.135,0.9311,3008.1929
1/2/2020,3257.85,2748.86,0.0,2700.0,0.0,0.9066,2953.6776,0.9307,3031.9401
1/3/2020,3234.85,2739.32,0.0,2700.0,0.0,0.9066,2932.825,0.934,3021.4177
1/6/2020,3246.28,2943.34,200.0,2900.0,0.0616,0.9682,3143.1878,0.9364,3039.8774
1/7/2020,3237.18,2939.75,0.0,2900.0,0.0,0.9682,3134.3768,0.9379,3036.1697
1/8/2020,3253.05,2941.81,0.0,2900.0,0.0,0.9682,3149.7428,0.934,3038.2973
1/9/2020,3274.7,2955.09,0.0,2900.0,0.0,0.9682,3170.7053,0.932,3052.0128
1/10/2020,3265.35,2948.08,0.0,2900.0,0.0,0.9682,3161.6522,0.9324,3044.7729
1/13/2020,3288.13,2962.1,0.0,2900.0,0.0,0.9682,3183.7088,0.9304,3059.2527
1/14/2020,3283.15,2959.42,0.0,2900.0,0.0,0.9682,3178.887,0.931,3056.4848
1/15/2020,3289.29,2966.3,0.0,2900.0,0.0,0.9682,3184.832,0.9314,3063.5905
1/16/2020,3316.81,2984.87,0.0,2900.0,0.0,0.9682,3211.478,0.9294,3082.7696
1/17/2020,3329.62,2996.78,0.0,2900.0,0.0,0.9682,3223.8812,0.9296,3095.0702
1/21/2020,3320.79,2995.4,0.0,2900.0,0.0,0.9682,3215.3316,0.9316,3093.6449
1/22/2020,3321.75,2997.54,0.0,2900.0,0.0,0.9682,3216.2611,0.932,3095.8551
1/23/2020,3325.54,3003.12,0.0,2900.0,0.0,0.9682,3219.9308,0.9327,3101.6181
1/24/2020,3295.47,2983.47,0.0,2900.0,0.0,0.9682,3190.8157,0.935,3081.3236
1/27/2020,3243.63,3254.88,300.0,3200.0,0.0925,1.0607,3440.622,0.946,3068.5226
1/28/2020,3276.24,3277.54,0.0,3200.0,0.0,1.0607,3475.2125,0.9431,3089.8852
1/29/2020,3273.4,3263.57,0.0,3200.0,0.0,1.0607,3472.2,0.9399,3076.7151
1/30/2020,3283.66,3275.61,0.0,3200.0,0.0,1.0607,3483.0831,0.9404,3088.0657
1/31/2020,3225.52,3239.7,0.0,3200.0,0.0,1.0607,3421.4121,0.9469,3054.2117
2/3/2020,3248.92,3256.46,0.0,3200.0,0.0,1.0607,3446.2333,0.9449,3070.0122
2/4/2020,3297.59,3282.58,0.0,3200.0,0.0,1.0607,3497.8591,0.9385,3094.6367
2/5/2020,3334.69,3300.97,0.0,3200.0,0.0,1.0607,3537.2122,0.9332,3111.9737
2/6/2020,3345.78,3310.06,0.0,3200.0,0.0,1.0607,3548.9758,0.9327,3120.5433
2/7/2020,3327.71,3302.62,0.0,3200.0,0.0,1.0607,3529.8083,0.9356,3113.5293
2/10/2020,3352.09,3335.87,0.0,3200.0,0.0,1.0607,3555.669,0.9382,3144.8756
2/11/2020,3357.75,3336.22,0.0,3200.0,0.0,1.0607,3561.6727,0.9367,3145.2055
2/12/2020,3379.45,4346.64,1000.0,4200.0,0.2959,1.3566,4584.6906,0.9481,3203.979
2/13/2020,3373.94,4346.56,0.0,4200.0,0.0,1.3566,4577.2155,0.9496,3203.9201
2/14/2020,3380.16,4359.19,0.0,4200.0,0.0,1.3566,4585.6538,0.9506,3213.2298
2/18/2020,3370.29,4371.24,0.0,4200.0,0.0,1.3566,4572.2638,0.956,3222.1121
2/19/2020,3386.15,4383.46,0.0,4200.0,0.0,1.3566,4593.7801,0.9542,3231.1196
2/20/2020,3373.23,4366.54,0.0,4200.0,0.0,1.3566,4576.2523,0.9542,3218.6476
2/21/2020,3337.75,4315.76,0.0,4200.0,0.0,1.3566,4528.1188,0.9531,3181.2169
2/24/2020,3225.89,4215.7,0.0,4200.0,0.0,1.3566,4376.3653,0.9633,3107.461
2/25/2020,3128.21,4139.23,0.0,4200.0,0.0,1.3566,4243.8489,0.9753,3051.0937
2/26/2020,3116.39,4139.81,0.0,4200.0,0.0,1.3566,4227.8134,0.9792,3051.5213
2/27/2020,2978.76,5002.6,1000.0,5200.0,0.3357,1.6923,5041.0993,0.9924,2956.011
2/28/2020,2954.22,5004.87,0.0,5200.0,0.0,1.6923,4999.5691,1.0011,2957.3523
3/2/2020,3090.23,5130.53,0.0,5200.0,0.0,1.6923,5229.7453,0.981,3031.6042
3/3/2020,3003.37,5056.25,0.0,5200.0,0.0,1.6923,5082.748,0.9948,2987.7125
3/4/2020,3130.12,5176.95,0.0,5200.0,0.0,1.6923,5297.2531,0.9773,3059.0335
3/5/2020,3023.94,5090.79,0.0,5200.0,0.0,1.6923,5117.5596,0.9948,3008.122
3/6/2020,2972.37,5047.62,0.0,5200.0,0.0,1.6923,5030.2852,1.0034,2982.6131
3/9/2020,2746.56,4848.1,0.0,5200.0,0.0,1.6923,4648.136,1.043,2864.7177
3/10/2020,2882.23,4949.78,0.0,5200.0,0.0,1.6923,4877.7369,1.0148,2924.7999
3/11/2020,2741.38,4837.39,0.0,5200.0,0.0,1.6923,4639.3697,1.0427,2858.3892
3/12/2020,2480.64,4642.97,0.0,5200.0,0.0,1.6923,4198.1068,1.106,2743.5074
3/13/2020,2711.02,4838.35,0.0,5200.0,0.0,1.6923,4587.99,1.0546,2858.9565
3/16/2020,2386.13,4665.44,0.0,5200.0,0.0,1.6923,4038.1629,1.1553,2756.7848
3/17/2020,2529.19,4818.51,0.0,5200.0,0.0,1.6923,4280.2703,1.1257,2847.2331
3/18/2020,2398.1,4903.51,0.0,5200.0,0.0,1.6923,4058.4204,1.2082,2897.4592
3/19/2020,2409.39,4891.62,0.0,5200.0,0.0,1.6923,4077.527,1.1997,2890.4334
3/20/2020,2304.92,4764.28,0.0,5200.0,0.0,1.6923,3900.7273,1.2214,2815.1889
3/23/2020,2237.4,4806.48,0.0,5200.0,0.0,1.6923,3786.46,1.2694,2840.1247
3/24/2020,2447.33,4776.02,0.0,5200.0,0.0,1.6923,4141.7347,1.1531,2822.126
3/25/2020,2475.56,4723.39,0.0,5200.0,0.0,1.6923,4189.5096,1.1274,2791.0272
3/26/2020,2630.07,4872.83,0.0,5200.0,0.0,1.6923,4450.9944,1.0948,2879.3305
3/27/2020,2541.47,4809.13,0.0,5200.0,0.0,1.6923,4301.0523,1.1181,2841.6905
3/30/2020,2626.65,4899.15,0.0,5200.0,0.0,1.6923,4445.2065,1.1021,2894.8829
3/31/2020,2584.59,4835.33,0.0,5200.0,0.0,1.6923,4374.0264,1.1055,2857.172
4/1/2020,2470.5,4709.31,0.0,5200.0,0.0,1.6923,4180.9464,1.1264,2782.7074
4/2/2020,2526.9,4784.59,0.0,5200.0,0.0,1.6923,4276.3948,1.1188,2827.19
4/3/2020,2488.65,4708.75,0.0,5200.0,0.0,1.6923,4211.6625,1.118,2782.3765
4/6/2020,2663.68,4942.78,0.0,5200.0,0.0,1.6923,4507.8742,1.0965,2920.6636
4/7/2020,2659.41,4932.24,0.0,5200.0,0.0,1.6923,4500.6479,1.0959,2914.4356
4/8/2020,2749.98,5042.13,0.0,5200.0,0.0,1.6923,4653.9239,1.0834,2979.369
4/9/2020,2789.82,5105.43,0.0,5200.0,0.0,1.6923,4721.347,1.0814,3016.7727
4/13/2020,2761.63,5097.07,0.0,5200.0,0.0,1.6923,4673.6397,1.0906,3011.8328
4/14/2020,2846.06,5246.88,0.0,5200.0,0.0,1.6923,4816.5247,1.0893,3100.3548
4/15/2020,2783.36,5167.32,0.0,5200.0,0.0,1.6923,4710.4144,1.097,3053.3432
4/16/2020,2799.55,5223.31,0.0,5200.0,0.0,1.6923,4737.8136,1.1025,3086.4274
4/17/2020,2874.56,5302.04,0.0,5200.0,0.0,1.6923,4864.7566,1.0899,3132.9485
4/20/2020,2823.16,5223.24,0.0,5200.0,0.0,1.6923,4777.7699,1.0932,3086.386
4/21/2020,2736.56,5069.69,0.0,5200.0,0.0,1.6923,4631.2125,1.0947,2995.6541
4/22/2020,2799.31,5192.06,0.0,5200.0,0.0,1.6923,4737.4074,1.096,3067.9619
4/23/2020,2797.8,5174.57,0.0,5200.0,0.0,1.6923,4734.8519,1.0929,3057.6272
4/24/2020,2836.74,5237.26,0.0,5200.0,0.0,1.6923,4800.752,1.0909,3094.6704
4/27/2020,2878.48,5280.47,0.0,5200.0,0.0,1.6923,4871.3906,1.084,3120.2029
4/28/2020,2863.39,5239.78,0.0,5200.0,0.0,1.6923,4845.8531,1.0813,3096.1594
4/29/2020,2939.51,6354.06,1000.0,6200.0,0.3402,2.0325,5974.6746,1.0635,3126.1657
4/30/2020,2912.43,6322.2,0.0,6200.0,0.0,2.0325,5919.6334,1.068,3110.4907
5/1/2020,2830.71,6187.71,0.0,6200.0,0.0,2.0325,5753.5342,1.0755,3044.3223
5/4/2020,2842.74,6238.29,0.0,6200.0,0.0,2.0325,5777.9856,1.0797,3069.2074
5/5/2020,2868.44,6262.78,0.0,6200.0,0.0,2.0325,5830.2219,1.0742,3081.2564
5/6/2020,2848.42,6251.31,0.0,6200.0,0.0,2.0325,5789.5305,1.0798,3075.6132
5/7/2020,2881.19,6300.02,0.0,6200.0,0.0,2.0325,5856.1368,1.0758,3099.5783
5/8/2020,2929.8,6351.68,0.0,6200.0,0.0,2.0325,5954.9386,1.0666,3124.9948
5/11/2020,2930.32,6384.55,0.0,6200.0,0.0,2.0325,5955.9956,1.072,3141.1666
5/12/2020,2870.12,6286.02,0.0,6200.0,0.0,2.0325,5833.6366,1.0775,3092.6904
5/13/2020,2820.0,6229.39,0.0,6200.0,0.0,2.0325,5731.7656,1.0868,3064.8287
5/14/2020,2852.5,6272.32,0.0,6200.0,0.0,2.0325,5797.8232,1.0818,3085.95
5/15/2020,2863.7,6286.19,0.0,6200.0,0.0,2.0325,5820.5877,1.08,3092.774
5/18/2020,2953.91,6389.9,0.0,6200.0,0.0,2.0325,6003.9432,1.0643,3143.7988
5/19/2020,2922.94,6355.32,0.0,6200.0,0.0,2.0325,5940.9954,1.0697,3126.7856
5/20/2020,2971.61,6434.66,0.0,6200.0,0.0,2.0325,6039.9192,1.0654,3165.8205
5/21/2020,2948.51,6375.64,0.0,6200.0,0.0,2.0325,5992.9675,1.0639,3136.783
5/22/2020,2955.45,6397.64,0.0,6200.0,0.0,2.0325,6007.0733,1.065,3147.6068
5/26/2020,2991.77,6411.73,0.0,6200.0,0.0,2.0325,6080.8952,1.0544,3154.5391
5/27/2020,3036.13,6451.45,0.0,6200.0,0.0,2.0325,6171.0587,1.0454,3174.0811
5/28/2020,3029.73,6475.82,0.0,6200.0,0.0,2.0325,6158.0505,1.0516,3186.071
5/29/2020,3044.31,6532.23,0.0,6200.0,0.0,2.0325,6187.6849,1.0557,3213.8245
6/1/2020,3055.73,6568.76,0.0,6200.0,0.0,2.0325,6210.8965,1.0576,3231.797
6/2/2020,3080.82,6617.06,0.0,6200.0,0.0,2.0325,6261.893,1.0567,3255.5604
6/3/2020,3122.87,6667.3,0.0,6200.0,0.0,2.0325,6347.3613,1.0504,3280.2782
6/4/2020,3112.35,6630.28,0.0,6200.0,0.0,2.0325,6325.979,1.0481,3262.0646
6/5/2020,3193.93,6819.7,0.0,6200.0,0.0,2.0325,6491.7937,1.0505,3355.2583
6/8/2020,3232.39,6900.72,0.0,6200.0,0.0,2.0325,6569.9652,1.0503,3395.1197
6/9/2020,3207.18,6902.56,0.0,6200.0,0.0,2.0325,6518.7249,1.0589,3396.025
6/10/2020,3190.14,6923.38,0.0,6200.0,0.0,2.0325,6484.0904,1.0677,3406.2683
6/11/2020,3002.1,6529.97,0.0,6200.0,0.0,2.0325,6101.8914,1.0702,3212.7125
6/12/2020,3041.31,6604.45,0.0,6200.0,0.0,2.0325,6181.5873,1.0684,3249.3563
6/15/2020,3066.59,6667.65,0.0,6200.0,0.0,2.0325,6232.9699,1.0697,3280.4504
6/16/2020,3124.74,6796.11,0.0,6200.0,0.0,2.0325,6351.1622,1.0701,3343.6521
6/17/2020,3113.49,6794.54,0.0,6200.0,0.0,2.0325,6328.2961,1.0737,3342.8797
6/18/2020,3115.34,6805.05,0.0,6200.0,0.0,2.0325,6332.0563,1.0747,3348.0505
6/19/2020,3097.74,6774.46,0.0,6200.0,0.0,2.0325,6296.2836,1.0759,3333.0004
6/22/2020,3117.86,6850.68,0.0,6200.0,0.0,2.0325,6337.1783,1.081,3370.5003
6/23/2020,3131.29,6884.96,0.0,6200.0,0.0,2.0325,6364.4753,1.0818,3387.3658
6/24/2020,3050.33,6722.67,0.0,6200.0,0.0,2.0325,6199.9208,1.0843,3307.52
6/25/2020,3083.76,6794.81,0.0,6200.0,0.0,2.0325,6267.8687,1.0841,3343.0125
6/26/2020,3009.05,6635.3,0.0,6200.0,0.0,2.0325,6116.0175,1.0849,3264.5344
6/29/2020,3053.24,6706.32,0.0,6200.0,0.0,2.0325,6205.8355,1.0806,3299.4759
6/30/2020,3100.29,6828.83,0.0,6200.0,0.0,2.0325,6301.4666,1.0837,3359.7502
7/1/2020,3115.86,6888.57,0.0,6200.0,0.0,2.0325,6333.1132,1.0877,3389.142
7/2/2020,3130.01,6924.37,0.0,6200.0,0.0,2.0325,6361.8737,1.0884,3406.7554
7/6/2020,3179.72,7067.66,0.0,6200.0,0.0,2.0325,6462.9113,1.0936,3477.2533
7/7/2020,3145.32,7000.85,0.0,6200.0,0.0,2.0325,6392.9919,1.0951,3444.3831
7/8/2020,3169.94,7094.09,0.0,6200.0,0.0,2.0325,6443.033,1.101,3490.2568
7/9/2020,3152.05,7147.12,0.0,6200.0,0.0,2.0325,6406.6709,1.1156,3516.3473
7/10/2020,3185.04,7175.6,0.0,6200.0,0.0,2.0325,6473.7244,1.1084,3530.3593
7/13/2020,3155.22,7022.17,0.0,6200.0,0.0,2.0325,6413.114,1.095,3454.8725
7/14/2020,3197.52,7109.39,0.0,6200.0,0.0,2.0325,6499.0905,1.0939,3497.7843
7/15/2020,3226.56,7145.18,0.0,6200.0,0.0,2.0325,6558.1155,1.0895,3515.3928
7/16/2020,3215.57,7083.89,0.0,6200.0,0.0,2.0325,6535.7779,1.0839,3485.2384
7/17/2020,3224.73,7094.04,0.0,6200.0,0.0,2.0325,6554.396,1.0823,3490.2322
7/20/2020,3251.84,7294.72,0.0,6200.0,0.0,2.0325,6609.4982,1.1037,3588.9657
7/21/2020,3257.3,7300.49,0.0,6200.0,0.0,2.0325,6620.5958,1.1027,3591.8045
7/22/2020,3276.02,7378.73,0.0,6200.0,0.0,2.0325,6658.645,1.1081,3630.2982
7/23/2020,3235.66,7168.74,0.0,6200.0,0.0,2.0325,6576.6116,1.09,3526.9842
7/24/2020,3215.63,8190.65,1000.0,7200.0,0.311,2.3435,7535.8998,1.0869,3495.0172
7/27/2020,3239.41,8297.19,0.0,7200.0,0.0,2.3435,7591.6288,1.0929,3540.4787
7/28/2020,3218.44,8213.48,0.0,7200.0,0.0,2.3435,7542.4851,1.089,3504.759
7/29/2020,3258.44,8483.09,0.0,7200.0,0.0,2.3435,7636.226,1.1109,3619.8038
7/30/2020,3246.22,8380.76,0.0,7200.0,0.0,2.3435,7607.5882,1.1016,3576.1387
7/31/2020,3271.12,8464.1,0.0,7200.0,0.0,2.3435,7665.9419,1.1041,3611.7006
8/3/2020,3294.61,8614.87,0.0,7200.0,0.0,2.3435,7720.9912,1.1158,3676.0354
8/4/2020,3306.51,8703.48,0.0,7200.0,0.0,2.3435,7748.8791,1.1232,3713.846
8/5/2020,3327.77,8739.44,0.0,7200.0,0.0,2.3435,7798.7024,1.1206,3729.1904
8/6/2020,3349.16,8857.24,0.0,7200.0,0.0,2.3435,7848.8303,1.1285,3779.4566
8/7/2020,3351.28,8770.52,0.0,7200.0,0.0,2.3435,7853.7986,1.1167,3742.4525
8/10/2020,3360.47,9665.19,1000.0,8200.0,0.2976,2.6411,8875.3356,1.089,3659.5327
8/11/2020,3333.69,9443.13,0.0,8200.0,0.0,2.6411,8804.6069,1.0725,3575.4541
8/12/2020,3380.35,9701.83,0.0,8200.0,0.0,2.6411,8927.8406,1.0867,3673.4057
8/13/2020,3373.43,9703.81,0.0,8200.0,0.0,2.6411,8909.5642,1.0891,3674.1554
8/14/2020,3372.85,9691.64,0.0,8200.0,0.0,2.6411,8908.0324,1.088,3669.5475
8/17/2020,3381.99,9785.84,0.0,8200.0,0.0,2.6411,8932.172,1.0956,3705.2145
8/18/2020,3389.78,9859.69,0.0,8200.0,0.0,2.6411,8952.7462,1.1013,3733.1763
8/19/2020,3374.85,9805.59,0.0,8200.0,0.0,2.6411,8913.3146,1.1001,3712.6924
8/20/2020,3385.51,9970.5,0.0,8200.0,0.0,2.6411,8941.4687,1.1151,3775.1323
8/21/2020,3397.16,10038.35,0.0,8200.0,0.0,2.6411,8972.2375,1.1188,3800.8224
8/24/2020,3431.28,10116.85,0.0,8200.0,0.0,2.6411,9062.3518,1.1164,3830.5448
8/25/2020,3443.62,10226.45,0.0,8200.0,0.0,2.6411,9094.943,1.1244,3872.0427
8/26/2020,3478.73,10422.56,0.0,8200.0,0.0,2.6411,9187.672,1.1344,3946.2959
8/27/2020,3484.55,10407.8,0.0,8200.0,0.0,2.6411,9203.0432,1.1309,3940.7073
8/28/2020,3508.01,10506.21,0.0,8200.0,0.0,2.6411,9265.0034,1.134,3977.9683
8/31/2020,3500.31,10582.71,0.0,8200.0,0.0,2.6411,9244.6669,1.1447,4006.9335
9/1/2020,3526.65,10819.38,0.0,8200.0,0.0,2.6411,9314.2335,1.1616,4096.5439
9/2/2020,3580.84,10924.35,0.0,8200.0,0.0,2.6411,9457.3547,1.1551,4136.2887
9/3/2020,3455.06,10226.57,0.0,8200.0,0.0,2.6411,9125.1572,1.1207,3872.0881
9/4/2020,3426.96,10028.61,0.0,8200.0,0.0,2.6411,9050.9423,1.108,3797.1345
9/8/2020,3331.84,9543.56,0.0,8200.0,0.0,2.6411,8799.7209,1.0845,3613.4799
9/9/2020,3398.96,9870.52,0.0,8200.0,0.0,2.6411,8976.9915,1.0995,3737.2769
9/10/2020,3339.19,9626.76,0.0,8200.0,0.0,2.6411,8819.133,1.0916,3644.982
9/11/2020,3340.97,9538.56,0.0,8200.0,0.0,2.6411,8823.8341,1.081,3611.5868
9/14/2020,3383.54,9699.08,0.0,8200.0,0.0,2.6411,8936.2657,1.0854,3672.3645
9/15/2020,3401.2,9825.99,0.0,8200.0,0.0,2.6411,8982.9076,1.0939,3720.4165
9/16/2020,3385.49,9633.74,0.0,8200.0,0.0,2.6411,8941.4159,1.0774,3647.6248
9/17/2020,3357.01,9488.47,0.0,8200.0,0.0,2.6411,8866.1974,1.0702,3592.6212
9/18/2020,3319.47,9327.39,0.0,8200.0,0.0,2.6411,8767.0505,1.0639,3531.6315
9/21/2020,3281.06,9359.67,0.0,8200.0,0.0,2.6411,8665.6059,1.0801,3543.8536
9/22/2020,3315.57,9552.66,0.0,8200.0,0.0,2.6411,8756.7502,1.0909,3616.9255
9/23/2020,3236.92,9197.02,0.0,8200.0,0.0,2.6411,8549.0277,1.0758,3482.2694
9/24/2020,3246.59,9264.74,0.0,8200.0,0.0,2.6411,8574.5672,1.0805,3507.9103
9/25/2020,3298.46,9522.87,0.0,8200.0,0.0,2.6411,8711.561,1.0931,3605.6461
9/28/2020,3351.6,9725.8,0.0,8200.0,0.0,2.6411,8851.909,1.0987,3682.4815
9/29/2020,3335.47,9701.23,0.0,8200.0,0.0,2.6411,8809.3081,1.1012,3673.1786
9/30/2020,3363.0,9789.17,0.0,8200.0,0.0,2.6411,8882.0176,1.1021,3706.4753
10/1/2020,3380.8,9983.68,0.0,8200.0,0.0,2.6411,8929.0291,1.1181,3780.1227
10/2/2020,3348.44,10692.77,1000.0,9200.0,0.2986,2.9397,9843.5632,1.0863,3637.3108
10/5/2020,3408.63,10965.82,0.0,9200.0,0.0,2.9397,10020.5065,1.0943,3730.193
10/6/2020,3360.95,10723.37,0.0,9200.0,0.0,2.9397,9880.3394,1.0853,3647.7199
10/7/2020,3419.45,10961.65,0.0,9200.0,0.0,2.9397,10052.3145,1.0905,3728.7745
10/8/2020,3446.83,11028.78,0.0,9200.0,0.0,2.9397,10132.8048,1.0884,3751.6098
10/9/2020,3477.13,11172.26,0.0,9200.0,0.0,2.9397,10221.8791,1.093,3800.4167
10/12/2020,3534.22,11510.34,0.0,9200.0,0.0,2.9397,10389.7092,1.1079,3915.4199
10/13/2020,3511.93,11515.77,0.0,9200.0,0.0,2.9397,10324.1822,1.1154,3917.267
10/14/2020,3488.67,11400.24,0.0,9200.0,0.0,2.9397,10255.8037,1.1116,3877.9677
10/15/2020,3483.34,12321.18,1000.0,10200.0,0.2871,3.2268,11240.1349,1.0962,3818.358
10/16/2020,3483.81,12264.36,0.0,10200.0,0.0,3.2268,11241.6515,1.091,3800.7494
10/19/2020,3426.92,12009.99,0.0,10200.0,0.0,3.2268,11058.0773,1.0861,3721.9196
10/20/2020,3443.12,12044.9,0.0,10200.0,0.0,3.2268,11110.3519,1.0841,3732.7383
10/21/2020,3435.56,11988.59,0.0,10200.0,0.0,3.2268,11085.9571,1.0814,3715.2877
10/22/2020,3453.49,11996.57,0.0,10200.0,0.0,3.2268,11143.8141,1.0765,3717.7607
10/23/2020,3465.39,12081.49,0.0,10200.0,0.0,3.2268,11182.2133,1.0804,3744.0776
10/26/2020,3400.97,11847.74,0.0,10200.0,0.0,3.2268,10974.3412,1.0796,3671.638
10/27/2020,3390.68,11884.07,0.0,10200.0,0.0,3.2268,10941.1371,1.0862,3682.8968
10/28/2020,3271.03,11336.17,0.0,10200.0,0.0,3.2268,10555.0473,1.074,3513.1015
10/29/2020,3310.11,11528.7,0.0,10200.0,0.0,3.2268,10681.1517,1.0793,3572.7669
10/30/2020,3269.96,11242.25,0.0,10200.0,0.0,3.2268,10551.5946,1.0655,3483.9955
11/2/2020,3310.24,11287.76,0.0,10200.0,0.0,3.2268,10681.5712,1.0568,3498.0991
11/3/2020,3369.16,12338.78,800.0,11000.0,0.2374,3.4643,11671.6958,1.0572,3561.721
11/4/2020,3443.44,12929.64,0.0,11000.0,0.0,3.4643,11929.0221,1.0839,3732.2791
11/5/2020,3510.45,13284.88,0.0,11000.0,0.0,3.4643,12161.1632,1.0924,3834.8229
11/6/2020,3509.44,13334.19,0.0,11000.0,0.0,3.4643,12157.6643,1.0968,3849.0568
11/9/2020,3550.5,13096.41,0.0,11000.0,0.0,3.4643,12299.9074,1.0648,3780.419
11/10/2020,3545.53,12823.34,0.0,11000.0,0.0,3.4643,12282.6899,1.044,3701.5944
11/11/2020,3572.66,13112.35,0.0,11000.0,0.0,3.4643,12376.6757,1.0594,3785.0203
11/12/2020,3537.01,13039.44,0.0,11000.0,0.0,3.4643,12253.1743,1.0642,3763.974
11/13/2020,3585.15,13152.58,0.0,11000.0,0.0,3.4643,12419.9445,1.059,3796.6331
11/16/2020,3626.91,13297.12,0.0,11000.0,0.0,3.4643,12564.6126,1.0583,3838.3561
11/17/2020,3609.53,13223.19,0.0,11000.0,0.0,3.4643,12504.4035,1.0575,3817.0154
11/18/2020,3567.79,13060.66,0.0,11000.0,0.0,3.4643,12359.8047,1.0567,3770.0994
11/19/2020,3581.87,13192.34,0.0,11000.0,0.0,3.4643,12408.5817,1.0632,3808.1102
11/20/2020,3557.54,13077.61,0.0,11000.0,0.0,3.4643,12324.2959,1.0611,3774.9922
11/23/2020,3577.59,13081.87,0.0,11000.0,0.0,3.4643,12393.7546,1.0555,3776.2219
11/24/2020,3635.41,13264.05,0.0,11000.0,0.0,3.4643,12594.0589,1.0532,3828.8101
11/25/2020,3629.65,13334.62,0.0,11000.0,0.0,3.4643,12574.1047,1.0605,3849.1809
11/27/2020,3638.35,13430.9,0.0,11000.0,0.0,3.4643,12604.2439,1.0656,3876.9731
11/30/2020,3621.63,13498.85,0.0,11000.0,0.0,3.4643,12546.3212,1.0759,3896.5876
12/1/2020,3662.45,13659.47,0.0,11000.0,0.0,3.4643,12687.7329,1.0766,3942.9523
12/2/2020,3669.01,13666.06,0.0,11000.0,0.0,3.4643,12710.4586,1.0752,3944.8546
12/3/2020,3666.72,13652.78,0.0,11000.0,0.0,3.4643,12702.5254,1.0748,3941.0212
12/4/2020,3699.12,13755.82,0.0,11000.0,0.0,3.4643,12814.7679,1.0734,3970.7648
12/7/2020,3691.96,13785.6,0.0,11000.0,0.0,3.4643,12789.9637,1.0778,3979.3611
12/8/2020,3702.25,13820.29,0.0,11000.0,0.0,3.4643,12825.6111,1.0776,3989.3747
12/9/2020,3672.82,13514.75,0.0,11000.0,0.0,3.4643,12723.6575,1.0622,3901.1773
12/10/2020,3668.1,13555.02,0.0,11000.0,0.0,3.4643,12707.3061,1.0667,3912.8017
12/11/2020,3663.46,13566.69,0.0,11000.0,0.0,3.4643,12691.2319,1.069,3916.1704
12/14/2020,3647.49,13650.73,0.0,11000.0,0.0,3.4643,12635.9074,1.0803,3940.4294
12/15/2020,3694.62,13853.84,0.0,11000.0,0.0,3.4643,12799.1787,1.0824,3999.0593
12/16/2020,3701.17,13954.59,0.0,11000.0,0.0,3.4643,12821.8697,1.0883,4028.1419
12/17/2020,3722.48,14059.45,0.0,11000.0,0.0,3.4643,12895.6933,1.0902,4058.4108
12/18/2020,3709.41,13991.27,0.0,11000.0,0.0,3.4643,12850.4153,1.0888,4038.7299
12/21/2020,3694.92,14935.4,1000.0,12000.0,0.2706,3.7349,13800.2179,1.0823,3998.8577
12/22/2020,3687.26,14985.86,0.0,12000.0,0.0,3.7349,13771.6085,1.0882,4012.3681
12/23/2020,3690.01,14866.14,0.0,12000.0,0.0,3.7349,13781.8795,1.0787,3980.3138
12/24/2020,3703.06,14946.0,0.0,12000.0,0.0,3.7349,13830.6202,1.0806,4001.6958
12/28/2020,3735.36,15120.95,0.0,12000.0,0.0,3.7349,13951.258,1.0838,4048.5376
12/29/2020,3727.04,15085.39,0.0,12000.0,0.0,3.7349,13920.1835,1.0837,4039.0166
12/30/2020,3732.04,15078.32,0.0,12000.0,0.0,3.7349,13938.858,1.0817,4037.1236
12/31/2020,3756.07,15122.01,0.0,12000.0,0.0,3.7349,14028.6081,1.0779,4048.8214
1/4/2021,3700.65,14864.39,0.0,12000.0,0.0,3.7349,13821.619,1.0754,3979.8453
1/5/2021,3726.86,14989.84,0.0,12000.0,0.0,3.7349,13919.5112,1.0769,4013.4337
1/6/2021,3748.14,14732.81,0.0,12000.0,0.0,3.7349,13998.9902,1.0524,3944.6156
1/7/2021,3803.79,15192.86,0.0,12000.0,0.0,3.7349,14206.8383,1.0694,4067.791
1/8/2021,3824.68,15396.17,0.0,12000.0,0.0,3.7349,14284.8607,1.0778,4122.2259
1/11/2021,3799.61,15171.48,0.0,12000.0,0.0,3.7349,14191.2264,1.0691,4062.0666
1/12/2021,3801.19,15111.06,0.0,12000.0,0.0,3.7349,14197.1275,1.0644,4045.8896
1/13/2021,3809.84,15168.94,0.0,12000.0,0.0,3.7349,14229.4345,1.066,4061.3866
1/14/2021,3795.54,14995.88,0.0,12000.0,0.0,3.7349,14176.0252,1.0578,4015.0509
1/15/2021,3768.25,14853.6,0.0,12000.0,0.0,3.7349,14074.0994,1.0554,3976.9563
1/19/2021,3798.91,15092.16,0.0,12000.0,0.0,3.7349,14188.6119,1.0637,4040.8292
1/20/2021,3851.85,15526.92,0.0,12000.0,0.0,3.7349,14386.3384,1.0793,4157.2334
1/21/2021,3853.07,15686.77,0.0,12000.0,0.0,3.7349,14390.895,1.09,4200.0322
1/22/2021,3841.47,15683.85,0.0,12000.0,0.0,3.7349,14347.57,1.0931,4199.2504
1/25/2021,3855.36,15860.84,0.0,12000.0,0.0,3.7349,14399.448,1.1015,4246.6384
1/26/2021,3849.62,16890.15,1000.0,13000.0,0.2598,3.9947,15378.0095,1.0983,4228.1583
1/27/2021,3750.77,16627.45,0.0,13000.0,0.0,3.9947,14983.1352,1.1097,4162.3959
1/28/2021,3787.38,16523.63,0.0,13000.0,0.0,3.9947,15129.3805,1.0922,4136.4064
1/29/2021,3714.24,16133.94,0.0,13000.0,0.0,3.9947,14837.2094,1.0874,4038.8542
2/1/2021,3773.86,16601.24,0.0,13000.0,0.0,3.9947,15075.3724,1.1012,4155.8347
2/2/2021,3826.31,16873.07,0.0,13000.0,0.0,3.9947,15284.8935,1.1039,4223.8827
2/3/2021,3830.17,16829.43,0.0,13000.0,0.0,3.9947,15300.313,1.0999,4212.9581
2/4/2021,3871.74,17027.05,0.0,13000.0,0.0,3.9947,15466.3719,1.1009,4262.4289
2/5/2021,3886.83,17099.03,0.0,13000.0,0.0,3.9947,15526.6517,1.1013,4280.4479
2/8/2021,3915.59,17250.42,0.0,13000.0,0.0,3.9947,15641.5387,1.1029,4318.3457
2/9/2021,3911.23,17246.55,0.0,13000.0,0.0,3.9947,15624.1219,1.1038,4317.3769
2/10/2021,3909.88,17209.57,0.0,13000.0,0.0,3.9947,15618.7291,1.1019,4308.1196
2/11/2021,3916.38,17302.24,0.0,13000.0,0.0,3.9947,15644.6945,1.1059,4331.318
2/12/2021,3934.83,17445.39,0.0,13000.0,0.0,3.9947,15718.3964,1.1099,4367.1531
2/16/2021,3932.59,17355.67,0.0,13000.0,0.0,3.9947,15709.4483,1.1048,4344.6933
2/17/2021,3931.33,17256.08,0.0,13000.0,0.0,3.9947,15704.415,1.0988,4319.7626
2/18/2021,3913.97,17157.58,0.0,13000.0,0.0,3.9947,15635.0673,1.0974,4295.1048
2/19/2021,3906.71,17039.42,0.0,13000.0,0.0,3.9947,15606.066,1.0918,4265.5255
2/22/2021,3876.5,16403.16,0.0,13000.0,0.0,3.9947,15485.3866,1.0593,4106.2488
2/23/2021,3881.37,16332.08,0.0,13000.0,0.0,3.9947,15504.8407,1.0534,4088.4551
2/24/2021,3925.43,16530.04,0.0,13000.0,0.0,3.9947,15680.8464,1.0542,4138.011
2/25/2021,3829.34,16744.41,1000.0,14000.0,0.2611,4.2558,16296.9974,1.0275,3934.4695
2/26/2021,3811.15,16843.76,0.0,14000.0,0.0,4.2558,16219.5839,1.0385,3957.814
3/1/2021,3901.82,17440.4,0.0,14000.0,0.0,4.2558,16605.4595,1.0503,4098.0077
3/2/2021,3870.29,17091.9,0.0,14000.0,0.0,4.2558,16471.2734,1.0377,4016.12
3/3/2021,3819.72,16468.93,0.0,14000.0,0.0,4.2558,16256.0563,1.0131,3869.7394
3/4/2021,3768.47,16104.47,0.0,14000.0,0.0,4.2558,16037.9454,1.0041,3784.1014
3/5/2021,3841.94,16388.6,0.0,14000.0,0.0,4.2558,16350.6208,1.0023,3850.8641
3/8/2021,3821.35,15855.59,0.0,14000.0,0.0,4.2558,16262.9933,0.9749,3725.6216
3/9/2021,3875.44,16588.87,0.0,14000.0,0.0,4.2558,16493.1909,1.0058,3897.9219
3/10/2021,3898.81,16545.76,0.0,14000.0,0.0,4.2558,16592.6495,0.9972,3887.7923
3/11/2021,3939.34,17043.97,0.0,14000.0,0.0,4.2558,16765.138,1.0166,4004.8577
3/12/2021,3943.34,16908.38,0.0,14000.0,0.0,4.2558,16782.1613,1.0075,3972.9979
3/15/2021,3968.94,18137.77,1000.0,15000.0,0.252,4.5078,17891.1104,1.0138,4023.6586
3/16/2021,3962.71,18250.33,0.0,15000.0,0.0,4.5078,17863.0269,1.0217,4048.6288
3/17/2021,3974.12,18301.37,0.0,15000.0,0.0,4.5078,17914.4607,1.0216,4059.9514
3/18/2021,3915.46,17635.87,0.0,15000.0,0.0,4.5078,17650.0343,0.9992,3912.3178
3/19/2021,3913.1,17727.75,0.0,15000.0,0.0,4.5078,17639.3959,1.005,3932.7003
3/22/2021,3940.59,18086.27,0.0,15000.0,0.0,4.5078,17763.3148,1.0182,4012.2339
3/23/2021,3910.52,18002.4,0.0,15000.0,0.0,4.5078,17627.7659,1.0213,3993.6283
3/24/2021,3889.14,17670.9,0.0,15000.0,0.0,4.5078,17531.3895,1.008,3920.0888
3/25/2021,3909.52,17664.83,0.0,15000.0,0.0,4.5078,17623.2581,1.0024,3918.7423
3/26/2021,3974.54,18017.49,0.0,15000.0,0.0,4.5078,17916.354,1.0056,3996.9759
3/29/2021,3971.09,18025.97,0.0,15000.0,0.0,4.5078,17900.8021,1.007,3998.8571
3/30/2021,3958.55,17872.31,0.0,15000.0,0.0,4.5078,17844.2746,1.0016,3964.7693
3/31/2021,3972.89,18212.22,0.0,15000.0,0.0,4.5078,17908.9161,1.0169,4040.1745
4/1/2021,4019.87,18624.18,0.0,15000.0,0.0,4.5078,18120.6917,1.0278,4131.5632
4/5/2021,4077.91,19097.76,0.0,15000.0,0.0,4.5078,18382.3233,1.0389,4236.6215
4/6/2021,4073.94,19056.22,0.0,15000.0,0.0,4.5078,18364.4274,1.0377,4227.4064
4/7/2021,4079.95,19159.8,0.0,15000.0,0.0,4.5078,18391.5191,1.0418,4250.3844
4/8/2021,4097.17,19423.63,0.0,15000.0,0.0,4.5078,18469.1431,1.0517,4308.9121
4/9/2021,4128.8,19605.01,0.0,15000.0,0.0,4.5078,18611.7242,1.0534,4349.1492
4/12/2021,4127.99,19565.07,0.0,15000.0,0.0,4.5078,18608.0729,1.0514,4340.289
4/13/2021,4141.59,19852.92,0.0,15000.0,0.0,4.5078,18669.3787,1.0634,4404.1452
4/14/2021,4124.66,19570.38,0.0,15000.0,0.0,4.5078,18593.062,1.0526,4341.4669
4/15/2021,4170.42,20007.83,0.0,15000.0,0.0,4.5078,18799.338,1.0643,4438.5102
4/16/2021,4185.47,20034.16,0.0,15000.0,0.0,4.5078,18867.1801,1.0619,4444.3513
4/19/2021,4163.26,19829.55,0.0,15000.0,0.0,4.5078,18767.0623,1.0566,4398.9608
4/20/2021,4134.94,19664.81,0.0,15000.0,0.0,4.5078,18639.402,1.055,4362.4151
4/21/2021,4173.42,19882.3,0.0,15000.0,0.0,4.5078,18812.8614,1.0568,4410.6628
4/22/2021,4134.98,19576.79,0.0,15000.0,0.0,4.5078,18639.5823,1.0503,4342.8889
4/23/2021,4180.17,19925.58,0.0,15000.0,0.0,4.5078,18843.2889,1.0574,4420.264
4/26/2021,4187.62,20077.59,0.0,15000.0,0.0,4.5078,18876.8719,1.0636,4453.9857
4/27/2021,4186.72,20006.45,0.0,15000.0,0.0,4.5078,18872.8149,1.0601,4438.2041
4/28/2021,4183.18,19875.64,0.0,15000.0,0.0,4.5078,18856.8573,1.054,4409.1854
4/29/2021,4211.47,19942.21,0.0,15000.0,0.0,4.5078,18984.3824,1.0505,4423.9532
4/30/2021,4181.17,19750.95,0.0,15000.0,0.0,4.5078,18847.7967,1.0479,4381.5243
5/3/2021,4192.66,19648.26,0.0,15000.0,0.0,4.5078,18899.5911,1.0396,4358.7437
5/4/2021,4164.66,19282.98,0.0,15000.0,0.0,4.5078,18773.3732,1.0271,4277.7105
5/5/2021,4167.59,19202.09,0.0,15000.0,0.0,4.5078,18786.581,1.0221,4259.766
5/6/2021,4201.62,19398.46,0.0,15000.0,0.0,4.5078,18939.9808,1.0242,4303.3284
5/7/2021,4232.6,19603.45,0.0,15000.0,0.0,4.5078,19079.6318,1.0275,4348.8031
5/10/2021,4188.43,19065.98,0.0,15000.0,0.0,4.5078,18880.5232,1.0098,4229.5715
5/11/2021,4152.1,19009.71,0.0,15000.0,0.0,4.5078,18716.7555,1.0157,4217.0886
5/12/2021,4063.04,18426.07,0.0,15000.0,0.0,4.5078,18315.2926,1.006,4087.6147
5/13/2021,4112.5,18601.78,0.0,15000.0,0.0,4.5078,18538.2474,1.0034,4126.594
5/14/2021,4173.85,19043.04,0.0,15000.0,0.0,4.5078,18814.7997,1.0121,4224.4825
5/17/2021,4163.29,18928.42,0.0,15000.0,0.0,4.5078,18767.1976,1.0086,4199.0554
5/18/2021,4127.83,18766.04,0.0,15000.0,0.0,4.5078,18607.3517,1.0085,4163.0332
5/19/2021,4115.68,18786.4,0.0,15000.0,0.0,4.5078,18552.5821,1.0126,4167.5498
5/20/2021,4159.12,19175.72,0.0,15000.0,0.0,4.5078,18748.4001,1.0228,4253.9161
5/21/2021,4155.86,19070.31,0.0,15000.0,0.0,4.5078,18733.7047,1.018,4230.5321
5/24/2021,4197.05,19421.39,0.0,15000.0,0.0,4.5078,18919.3802,1.0265,4308.4152
5/25/2021,4188.13,19475.13,0.0,15000.0,0.0,4.5078,18879.1708,1.0316,4320.3368
5/26/2021,4195.99,19531.33,0.0,15000.0,0.0,4.5078,18914.602,1.0326,4332.8041
5/27/2021,4200.88,19474.51,0.0,15000.0,0.0,4.5078,18936.645,1.0284,4320.1992
5/28/2021,4204.11,19554.13,0.0,15000.0,0.0,4.5078,18951.2052,1.0318,4337.862
6/1/2021,4202.04,19504.54,0.0,15000.0,0.0,4.5078,18941.874,1.0297,4326.8611
6/2/2021,4208.12,19662.7,0.0,15000.0,0.0,4.5078,18969.2814,1.0366,4361.9471
6/3/2021,4192.85,19447.8,0.0,15000.0,0.0,4.5078,18900.4475,1.029,4314.2739
6/4/2021,4229.89,19802.85,0.0,15000.0,0.0,4.5078,19067.4157,1.0386,4393.0378
6/7/2021,4226.52,19867.36,0.0,15000.0,0.0,4.5078,19052.2245,1.0428,4407.3486
6/8/2021,4227.26,19863.75,0.0,15000.0,0.0,4.5078,19055.5603,1.0424,4406.5477
6/9/2021,4219.55,19842.28,0.0,15000.0,0.0,4.5078,19020.8053,1.0432,4401.7849
6/10/2021,4239.18,20063.33,0.0,15000.0,0.0,4.5078,19109.293,1.0499,4450.8223
6/11/2021,4247.44,20137.75,0.0,15000.0,0.0,4.5078,19146.5273,1.0518,4467.3315
6/14/2021,4255.15,21360.75,1000.0,16000.0,0.235,4.7428,20181.2823,1.0584,4503.8365
6/15/2021,4246.59,21223.2,0.0,16000.0,0.0,4.7428,20140.684,1.0537,4474.8346
6/16/2021,4223.7,21124.51,0.0,16000.0,0.0,4.7428,20032.1215,1.0545,4454.0261
6/17/2021,4221.86,21503.44,0.0,16000.0,0.0,4.7428,20023.3948,1.0739,4533.9222
6/18/2021,4166.45,21329.33,0.0,16000.0,0.0,4.7428,19760.5968,1.0794,4497.2117
6/21/2021,4224.79,21459.2,0.0,16000.0,0.0,4.7428,20037.2912,1.071,4524.5943
6/22/2021,4246.44,21727.76,0.0,16000.0,0.0,4.7428,20139.9726,1.0788,4581.2192
6/23/2021,4241.84,21745.67,0.0,16000.0,0.0,4.7428,20118.1557,1.0809,4584.9955
6/24/2021,4266.49,21898.16,0.0,16000.0,0.0,4.7428,20235.0655,1.0822,4617.1474
6/25/2021,4280.7,21885.02,0.0,16000.0,0.0,4.7428,20302.4606,1.0779,4614.3769
6/28/2021,4290.61,22199.89,0.0,16000.0,0.0,4.7428,20349.4616,1.0909,4680.7661
6/29/2021,4291.8,22334.39,0.0,16000.0,0.0,4.7428,20355.1055,1.0972,4709.1249
6/30/2021,4297.5,22365.35,0.0,16000.0,0.0,4.7428,20382.1394,1.0973,4715.6527
7/1/2021,4319.94,22411.84,0.0,16000.0,0.0,4.7428,20488.5676,1.0939,4725.455
7/2/2021,4352.34,22746.53,0.0,16000.0,0.0,4.7428,20642.234,1.1019,4796.0232
7/6/2021,4343.54,22845.46,0.0,16000.0,0.0,4.7428,20600.4975,1.109,4816.8822
7/7/2021,4358.13,22865.44,0.0,16000.0,0.0,4.7428,20669.6948,1.1062,4821.0949
7/8/2021,4320.82,22692.05,0.0,16000.0,0.0,4.7428,20492.7413,1.1073,4784.5362
7/9/2021,4369.55,22862.62,0.0,16000.0,0.0,4.7428,20723.8574,1.1032,4820.5003
7/12/2021,4384.63,22937.02,0.0,16000.0,0.0,4.7428,20795.3787,1.103,4836.1873
7/13/2021,4369.21,22927.47,0.0,16000.0,0.0,4.7428,20722.2449,1.1064,4834.1737
7/14/2021,4374.3,22955.44,0.0,16000.0,0.0,4.7428,20746.3857,1.1065,4840.0711
7/15/2021,4360.03,22750.27,0.0,16000.0,0.0,4.7428,20678.7061,1.1002,4796.8117
7/16/2021,4327.16,22529.27,0.0,16000.0,0.0,4.7428,20522.8106,1.0978,4750.2147
7/19/2021,4258.49,22313.1,0.0,16000.0,0.0,4.7428,20197.1232,1.1048,4704.636
7/20/2021,4323.06,22623.56,0.0,16000.0,0.0,4.7428,20503.3651,1.1034,4770.0954
7/21/2021,4358.69,23852.27,1000.0,17000.0,0.2294,4.9722,21672.3507,1.1006,4797.11
7/22/2021,4367.48,24089.79,0.0,17000.0,0.0,4.9722,21716.0565,1.1093,4844.8795
7/23/2021,4411.79,24436.38,0.0,17000.0,0.0,4.9722,21936.3754,1.114,4914.5848
7/26/2021,4422.3,24458.54,0.0,17000.0,0.0,4.9722,21988.6334,1.1123,4919.0415
7/27/2021,4401.46,24187.86,0.0,17000.0,0.0,4.9722,21885.0124,1.1052,4864.6031
7/28/2021,4400.64,24343.5,0.0,17000.0,0.0,4.9722,21880.9352,1.1125,4895.905
7/29/2021,4419.15,24480.39,0.0,17000.0,0.0,4.9722,21972.9709,1.1141,4923.436
7/30/2021,4395.26,24379.28,0.0,17000.0,0.0,4.9722,21854.1847,1.1155,4903.101
8/2/2021,4387.16,24401.37,0.0,17000.0,0.0,4.9722,21813.9097,1.1186,4907.5437
8/3/2021,4423.15,24641.97,0.0,17000.0,0.0,4.9722,21992.8598,1.1205,4955.9325
8/4/2021,4402.66,25755.85,1000.0,18000.0,0.2271,5.1994,22890.9791,1.1252,4953.6654
8/5/2021,4429.1,25866.94,0.0,18000.0,0.0,5.1994,23028.45,1.1233,4975.0315
8/6/2021,4436.52,25733.8,0.0,18000.0,0.0,5.1994,23067.0292,1.1156,4949.4245
8/9/2021,4432.35,25698.06,0.0,18000.0,0.0,5.1994,23045.3479,1.1151,4942.5505
8/10/2021,4436.75,25548.87,0.0,18000.0,0.0,5.1994,23068.225,1.1075,4913.8566
8/11/2021,4447.7,25543.44,0.0,18000.0,0.0,5.1994,23125.1579,1.1046,4912.8122
8/12/2021,4460.83,25684.88,0.0,18000.0,0.0,5.1994,23193.4254,1.1074,4940.0156
8/13/2021,4468.0,25859.16,0.0,18000.0,0.0,5.1994,23230.7048,1.1131,4973.5352
8/16/2021,4479.71,25898.11,0.0,18000.0,0.0,5.1994,23291.5892,1.1119,4981.0265
8/17/2021,4448.08,25640.74,0.0,18000.0,0.0,5.1994,23127.1337,1.1087,4931.5261
8/18/2021,4400.27,25271.87,0.0,18000.0,0.0,5.1994,22878.5526,1.1046,4860.5807
8/19/2021,4405.8,25476.6,0.0,18000.0,0.0,5.1994,22907.3051,1.1122,4899.9568
8/20/2021,4441.67,25839.68,0.0,18000.0,0.0,5.1994,23093.8058,1.1189,4969.7885
8/23/2021,4479.53,26257.3,0.0,18000.0,0.0,5.1994,23290.6533,1.1274,5050.1101
8/24/2021,4486.23,26274.48,0.0,18000.0,0.0,5.1994,23325.4889,1.1264,5053.4143
8/25/2021,4496.19,26294.66,0.0,18000.0,0.0,5.1994,23377.2745,1.1248,5057.2956
8/26/2021,4470.0,26108.4,0.0,18000.0,0.0,5.1994,23241.1035,1.1234,5021.4719
8/27/2021,4509.37,26423.31,0.0,18000.0,0.0,5.1994,23445.802,1.127,5082.0391
8/30/2021,4528.79,26772.27,0.0,18000.0,0.0,5.1994,23546.7734,1.137,5149.1551
8/31/2021,4522.68,26706.11,0.0,18000.0,0.0,5.1994,23515.0053,1.1357,5136.4305
9/1/2021,4524.09,26746.53,0.0,18000.0,0.0,5.1994,23522.3364,1.1371,5144.2045
9/2/2021,4536.95,26743.22,0.0,18000.0,0.0,5.1994,23589.2001,1.1337,5143.5679
9/3/2021,4535.43,26842.08,0.0,18000.0,0.0,5.1994,23581.2971,1.1383,5162.5818
9/7/2021,4520.03,27841.57,1000.0,19000.0,0.2212,5.4206,24501.227,1.1363,5136.2624
9/8/2021,4514.07,27718.33,0.0,19000.0,0.0,5.4206,24468.9203,1.1328,5113.5269
9/9/2021,4493.28,27559.89,0.0,19000.0,0.0,5.4206,24356.2263,1.1315,5084.2976
9/10/2021,4458.58,27311.51,0.0,19000.0,0.0,5.4206,24168.1318,1.1301,5038.476
9/13/2021,4468.73,27276.18,0.0,19000.0,0.0,5.4206,24223.1508,1.126,5031.9583
9/14/2021,4443.05,27239.27,0.0,19000.0,0.0,5.4206,24083.9501,1.131,5025.149
9/15/2021,4480.7,27489.62,0.0,19000.0,0.0,5.4206,24288.0353,1.1318,5071.3341
9/16/2021,4473.75,27510.55,0.0,19000.0,0.0,5.4206,24250.3622,1.1344,5075.1953
9/17/2021,4432.99,27079.33,0.0,19000.0,0.0,5.4206,24029.4189,1.1269,4995.643
9/20/2021,4357.73,26406.32,0.0,19000.0,0.0,5.4206,23621.4654,1.1179,4871.4849
9/21/2021,4354.19,26462.33,0.0,19000.0,0.0,5.4206,23602.2765,1.1212,4881.8178
9/22/2021,4395.64,27778.03,1000.0,20000.0,0.2275,5.6481,24826.9599,1.1189,4918.1301
9/23/2021,4448.98,28107.43,0.0,20000.0,0.0,5.6481,25128.2289,1.1186,4976.4508
9/24/2021,4455.48,28161.66,0.0,20000.0,0.0,5.6481,25164.9415,1.1191,4986.0522
9/27/2021,4443.11,27897.51,0.0,20000.0,0.0,5.6481,25095.0746,1.1117,4939.2842
9/28/2021,4352.63,26908.07,0.0,20000.0,0.0,5.6481,24584.0357,1.0945,4764.1028
9/29/2021,4359.46,26877.7,0.0,20000.0,0.0,5.6481,24622.6121,1.0916,4758.7257
9/30/2021,4307.54,26746.39,0.0,20000.0,0.0,5.6481,24329.3634,1.0993,4735.4772
10/1/2021,4357.04,27029.09,0.0,20000.0,0.0,5.6481,24608.9437,1.0983,4785.5295
10/4/2021,4300.46,26380.24,0.0,20000.0,0.0,5.6481,24289.3749,1.0861,4670.6499
10/5/2021,4345.72,26808.56,0.0,20000.0,0.0,5.6481,24545.0074,1.0922,4746.4844
10/6/2021,4363.55,27052.71,0.0,20000.0,0.0,5.6481,24645.7128,1.0977,4789.7114
10/7/2021,4399.76,27374.39,0.0,20000.0,0.0,5.6481,24850.23,1.1016,4846.6652
10/8/2021,4391.34,27237.43,0.0,20000.0,0.0,5.6481,24802.6731,1.0982,4822.4163
10/11/2021,4361.19,27050.99,0.0,20000.0,0.0,5.6481,24632.3833,1.0982,4789.4069
10/12/2021,4350.65,26962.34,0.0,20000.0,0.0,5.6481,24572.8525,1.0972,4773.7113
10/13/2021,4363.8,27250.22,0.0,20000.0,0.0,5.6481,24647.1248,1.1056,4824.6808
10/14/2021,4438.26,27864.57,0.0,20000.0,0.0,5.6481,25067.6814,1.1116,4933.4521
10/15/2021,4471.37,28076.11,0.0,20000.0,0.0,5.6481,25254.6896,1.1117,4970.9055
10/18/2021,4486.46,28466.11,0.0,20000.0,0.0,5.6481,25339.9192,1.1234,5039.9554
10/19/2021,4519.63,28674.42,0.0,20000.0,0.0,5.6481,25527.2663,1.1233,5076.837
10/20/2021,4536.19,28654.07,0.0,20000.0,0.0,5.6481,25620.7986,1.1184,5073.234
10/21/2021,4549.78,28936.89,0.0,20000.0,0.0,5.6481,25697.5561,1.1261,5123.3075
10/22/2021,4544.9,28779.33,0.0,20000.0,0.0,5.6481,25669.9935,1.1211,5095.4114
10/25/2021,4566.48,29075.58,0.0,20000.0,0.0,5.6481,25791.8792,1.1273,5147.8628
10/26/2021,4574.79,29193.11,0.0,20000.0,0.0,5.6481,25838.8148,1.1298,5168.6716
10/27/2021,4551.68,30378.89,1000.0,21000.0,0.2197,5.8678,26708.2875,1.1374,5177.2314
10/28/2021,4596.42,30707.33,0.0,21000.0,0.0,5.8678,26970.8123,1.1385,5233.2049
10/29/2021,4605.38,30915.93,0.0,21000.0,0.0,5.8678,27023.3877,1.144,5268.7549
11/1/2021,4613.67,31021.34,0.0,21000.0,0.0,5.8678,27072.0316,1.1459,5286.7191
11/2/2021,4630.65,31266.87,0.0,21000.0,0.0,5.8678,27171.6666,1.1507,5328.5628
11/3/2021,4660.57,31605.73,0.0,21000.0,0.0,5.8678,27347.2308,1.1557,5386.312
11/4/2021,4680.06,32215.22,0.0,21000.0,0.0,5.8678,27461.594,1.1731,5490.1825
11/5/2021,4697.53,32200.75,0.0,21000.0,0.0,5.8678,27564.1042,1.1682,5487.7165
11/8/2021,4701.7,32487.91,0.0,21000.0,0.0,5.8678,27588.5729,1.1776,5536.6549
11/9/2021,4685.25,32277.81,0.0,21000.0,0.0,5.8678,27492.0478,1.1741,5500.8492
11/10/2021,4646.71,31610.44,0.0,21000.0,0.0,5.8678,27265.9033,1.1593,5387.1147
11/11/2021,4649.27,31864.98,0.0,21000.0,0.0,5.8678,27280.9248,1.168,5430.4939
11/12/2021,4682.85,32264.45,0.0,21000.0,0.0,5.8678,27477.9651,1.1742,5498.5724
11/15/2021,4682.8,32220.85,0.0,21000.0,0.0,5.8678,27477.6717,1.1726,5491.142
11/16/2021,4700.9,32621.32,0.0,21000.0,0.0,5.8678,27583.8786,1.1826,5559.3909
11/17/2021,4688.67,32569.4,0.0,21000.0,0.0,5.8678,27512.1156,1.1838,5550.5426
11/18/2021,4704.54,33005.81,0.0,21000.0,0.0,5.8678,27605.2374,1.1956,5624.9164
11/19/2021,4697.96,33217.32,0.0,21000.0,0.0,5.8678,27566.6274,1.205,5660.9624
11/22/2021,4682.94,32802.86,0.0,21000.0,0.0,5.8678,27478.4932,1.1938,5590.3293
11/23/2021,4690.7,32630.32,0.0,21000.0,0.0,5.8678,27524.0272,1.1855,5560.9247
11/24/2021,4701.46,32916.41,0.0,21000.0,0.0,5.8678,27587.1646,1.1932,5609.6807
11/26/2021,4594.62,32141.3,0.0,21000.0,0.0,5.8678,26960.2503,1.1922,5477.5849
11/29/2021,4655.27,32953.37,0.0,21000.0,0.0,5.8678,27316.1315,1.2064,5615.9795
11/30/2021,4567.0,32350.32,0.0,21000.0,0.0,5.8678,26798.182,1.2072,5513.2065
12/1/2021,4513.04,31648.32,0.0,21000.0,0.0,5.8678,26481.5562,1.1951,5393.5703
12/2/2021,4577.1,31937.88,0.0,21000.0,0.0,5.8678,26857.4467,1.1892,5442.9177
12/3/2021,4538.43,31301.84,0.0,21000.0,0.0,5.8678,26630.5393,1.1754,5334.5224
12/6/2021,4591.67,31482.5,0.0,21000.0,0.0,5.8678,26942.9403,1.1685,5365.3109
12/7/2021,4686.75,32535.04,0.0,21000.0,0.0,5.8678,27500.8495,1.1831,5544.6869
12/8/2021,4701.21,32686.45,0.0,21000.0,0.0,5.8678,27585.6977,1.1849,5570.4905
12/9/2021,4667.45,32133.25,0.0,21000.0,0.0,5.8678,27387.6012,1.1733,5476.213
12/10/2021,4712.02,32584.72,0.0,21000.0,0.0,5.8678,27649.1284,1.1785,5553.1534
12/13/2021,4668.97,32033.34,0.0,21000.0,0.0,5.8678,27396.5202,1.1692,5459.1861
12/14/2021,4634.09,31645.51,0.0,21000.0,0.0,5.8678,27191.8518,1.1638,5393.0914
12/15/2021,4709.85,32625.56,0.0,21000.0,0.0,5.8678,27636.3953,1.1805,5560.1135
12/16/2021,4668.67,31663.62,0.0,21000.0,0.0,5.8678,27394.7599,1.1558,5396.1777
12/17/2021,4620.64,31433.66,0.0,21000.0,0.0,5.8678,27112.9301,1.1594,5356.9875
12/20/2021,4568.02,31004.37,0.0,21000.0,0.0,5.8678,26804.1671,1.1567,5283.827
12/21/2021,4649.23,31818.82,0.0,21000.0,0.0,5.8678,27280.6901,1.1663,5422.6272
12/22/2021,4696.56,32262.5,0.0,21000.0,0.0,5.8678,27558.4125,1.1707,5498.24
12/23/2021,4725.79,32575.39,0.0,21000.0,0.0,5.8678,27729.9279,1.1747,5551.5634
12/27/2021,4791.19,33358.42,0.0,21000.0,0.0,5.8678,28113.6811,1.1866,5685.0089
12/28/2021,4786.35,33176.55,0.0,21000.0,0.0,5.8678,28085.281,1.1813,5654.0143
12/29/2021,4793.06,33094.38,0.0,21000.0,0.0,5.8678,28124.6539,1.1767,5640.0107
12/30/2021,4778.73,32864.59,0.0,21000.0,0.0,5.8678,28040.5685,1.172,5600.8494
12/31/2021,4766.18,32653.88,0.0,21000.0,0.0,5.8678,27966.9278,1.1676,5564.9398
1/3/2022,4796.56,33034.46,0.0,21000.0,0.0,5.8678,28145.1911,1.1737,5629.799
1/4/2022,4793.54,32566.32,0.0,21000.0,0.0,5.8678,28127.4704,1.1578,5550.0177
1/5/2022,4700.58,31275.49,0.0,21000.0,0.0,5.8678,27582.001,1.1339,5330.0318
1/6/2022,4696.05,31200.66,0.0,21000.0,0.0,5.8678,27555.4199,1.1323,5317.2791
1/7/2022,4677.03,30768.37,0.0,21000.0,0.0,5.8678,27443.8146,1.1211,5243.6074
1/10/2022,4670.29,30772.72,0.0,21000.0,0.0,5.8678,27404.2657,1.1229,5244.3487
1/11/2022,4713.07,31227.09,0.0,21000.0,0.0,5.8678,27655.2896,1.1292,5321.7834
1/12/2022,4726.35,31391.54,0.0,21000.0,0.0,5.8678,27733.2138,1.1319,5349.8093
1/13/2022,4659.03,30441.04,0.0,21000.0,0.0,5.8678,27338.1944,1.1135,5187.8232
1/14/2022,4662.85,30589.52,0.0,21000.0,0.0,5.8678,27360.6094,1.118,5213.1274
1/18/2022,4577.11,29700.72,0.0,21000.0,0.0,5.8678,26857.5053,1.1059,5061.6564
1/19/2022,4532.76,29289.55,0.0,21000.0,0.0,5.8678,26597.269,1.1012,4991.5839
1/20/2022,4482.73,28751.49,0.0,21000.0,0.0,5.8678,26303.7036,1.0931,4899.8867
1/21/2022,4397.94,28935.05,1000.0,22000.0,0.2274,6.0952,26806.174,1.0794,4747.2129
1/24/2022,4410.13,29064.04,0.0,22000.0,0.0,6.0952,26880.4741,1.0812,4768.3755
1/25/2022,4356.45,28300.67,0.0,22000.0,0.0,6.0952,26553.2855,1.0658,4643.1337
1/26/2022,4349.93,28344.9,0.0,22000.0,0.0,6.0952,26513.5451,1.0691,4650.3902
1/27/2022,4326.51,27924.41,0.0,22000.0,0.0,6.0952,26370.7963,1.0589,4581.4028
1/28/2022,4431.85,28920.41,0.0,22000.0,0.0,6.0952,27012.8611,1.0706,4744.811
1/31/2022,4515.55,29934.63,0.0,22000.0,0.0,6.0952,27523.0264,1.0876,4911.2084
2/1/2022,4546.54,30219.09,0.0,22000.0,0.0,6.0952,27711.9156,1.0905,4957.8782
2/2/2022,4589.38,30677.5,0.0,22000.0,0.0,6.0952,27973.0325,1.0967,5033.0869
2/3/2022,4477.44,29439.6,0.0,22000.0,0.0,6.0952,27290.7397,1.0787,4829.9916
2/4/2022,4500.53,29872.66,0.0,22000.0,0.0,6.0952,27431.4771,1.089,4901.0413
2/7/2022,4483.87,29637.01,0.0,22000.0,0.0,6.0952,27329.9316,1.0844,4862.3795
2/8/2022,4521.54,30049.46,0.0,22000.0,0.0,6.0952,27559.5365,1.0903,4930.0479
2/9/2022,4587.18,30760.82,0.0,22000.0,0.0,6.0952,27959.6232,1.1002,5046.7568
2/10/2022,4504.08,29914.63,0.0,22000.0,0.0,6.0952,27453.1149,1.0897,4907.9271
2/11/2022,4418.64,28749.79,0.0,22000.0,0.0,6.0952,26932.3439,1.0675,4716.8183
2/14/2022,4401.67,28771.58,0.0,22000.0,0.0,6.0952,26828.9089,1.0724,4720.3932
2/15/2022,4471.07,29575.9,0.0,22000.0,0.0,6.0952,27251.9135,1.0853,4852.3536
2/16/2022,4475.01,29529.44,0.0,22000.0,0.0,6.0952,27275.9284,1.0826,4844.7311
2/17/2022,4380.26,28537.13,0.0,22000.0,0.0,6.0952,26698.4114,1.0689,4681.9283
2/18/2022,4348.87,28256.58,0.0,22000.0,0.0,6.0952,26507.0842,1.066,4635.9001
2/22/2022,4304.76,27911.45,0.0,22000.0,0.0,6.0952,26238.2264,1.0638,4579.2765
2/23/2022,4225.5,27116.22,0.0,22000.0,0.0,6.0952,25755.1236,1.0528,4448.8075
2/24/2022,4288.7,28105.14,0.0,22000.0,0.0,6.0952,26140.3381,1.0752,4611.0541
2/25/2022,4384.65,28687.96,0.0,22000.0,0.0,6.0952,26725.1692,1.0734,4706.6742
2/28/2022,4373.94,28781.09,0.0,22000.0,0.0,6.0952,26659.89,1.0796,4721.9535
3/1/2022,4306.26,28143.29,0.0,22000.0,0.0,6.0952,26247.3692,1.0722,4617.3132
3/2/2022,4386.54,28743.75,0.0,22000.0,0.0,6.0952,26736.6891,1.0751,4715.8273
3/3/2022,4363.49,28329.03,0.0,22000.0,0.0,6.0952,26596.1955,1.0652,4647.7865
3/4/2022,4328.87,27848.62,0.0,22000.0,0.0,6.0952,26385.1809,1.0555,4568.9683
3/7/2022,4201.09,26704.87,0.0,22000.0,0.0,6.0952,25606.3406,1.0429,4381.3196
3/8/2022,4170.7,26594.76,0.0,22000.0,0.0,6.0952,25421.1085,1.0462,4363.2545
3/9/2022,4277.88,27715.53,0.0,22000.0,0.0,6.0952,26074.3884,1.0629,4547.133
3/10/2022,4259.52,27417.72,0.0,22000.0,0.0,6.0952,25962.4811,1.0561,4498.273
3/11/2022,4204.31,26854.32,0.0,22000.0,0.0,6.0952,25625.967,1.0479,4405.8391
3/14/2022,4173.11,26380.53,0.0,22000.0,0.0,6.0952,25435.7978,1.0371,4328.107
3/15/2022,4262.45,27364.56,0.0,22000.0,0.0,6.0952,25980.3399,1.0533,4489.5513
3/16/2022,4357.86,28376.06,0.0,22000.0,0.0,6.0952,26561.8797,1.0683,4655.5025
3/17/2022,4411.67,28712.58,0.0,22000.0,0.0,6.0952,26889.8606,1.0678,4710.7134
3/18/2022,4463.12,29357.54,0.0,22000.0,0.0,6.0952,27203.4569,1.0792,4816.5284
3/21/2022,4461.18,29327.42,0.0,22000.0,0.0,6.0952,27191.6323,1.0785,4811.5868
3/22/2022,4511.61,29806.89,0.0,22000.0,0.0,6.0952,27499.0115,1.0839,4890.2508
3/23/2022,4456.24,29333.15,0.0,22000.0,0.0,6.0952,27161.5222,1.08,4812.5269
3/24/2022,4520.16,30072.09,0.0,22000.0,0.0,6.0952,27551.1252,1.0915,4933.7607
3/25/2022,4543.06,30098.48,0.0,22000.0,0.0,6.0952,27690.7045,1.087,4938.0904
3/28/2022,4575.52,30578.17,0.0,22000.0,0.0,6.0952,27888.5535,1.0964,5016.7904
3/29/2022,4631.6,31141.87,0.0,22000.0,0.0,6.0952,28230.3704,1.1031,5109.2736
3/30/2022,4602.45,30702.39,0.0,22000.0,0.0,6.0952,28052.6964,1.0945,5037.1705
3/31/2022,4530.41,30016.48,0.0,22000.0,0.0,6.0952,27613.6006,1.087,4924.6371
4/1/2022,4545.86,29987.6,0.0,22000.0,0.0,6.0952,27707.7709,1.0823,4919.8989
4/4/2022,4582.64,30783.66,200.0,22200.0,0.0436,6.1388,28131.9511,1.0943,5014.5982
4/5/2022,4525.12,30064.18,0.0,22200.0,0.0,6.1388,27778.8468,1.0823,4897.3963
4/6/2022,4481.15,29329.8,0.0,22200.0,0.0,6.1388,27508.9234,1.0662,4777.7672
4/7/2022,4500.21,29506.5,0.0,22200.0,0.0,6.1388,27625.9291,1.0681,4806.5513
4/8/2022,4488.28,29071.87,0.0,22200.0,0.0,6.1388,27552.6931,1.0551,4735.751
4/11/2022,4412.53,28211.86,0.0,22200.0,0.0,6.1388,27087.6783,1.0415,4595.657
4/12/2022,4397.45,28017.35,0.0,22200.0,0.0,6.1388,26995.1051,1.0379,4563.9717
4/13/2022,4446.59,28581.66,0.0,22200.0,0.0,6.1388,27296.7662,1.0471,4655.8967
4/14/2022,4392.59,27859.25,0.0,22200.0,0.0,6.1388,26965.2705,1.0332,4538.2175
4/18/2022,4391.69,27895.5,0.0,22200.0,0.0,6.1388,26959.7456,1.0347,4544.1226
4/19/2022,4462.21,28565.46,0.0,22200.0,0.0,6.1388,27392.6544,1.0428,4653.2578
4/20/2022,4459.45,28237.8,0.0,22200.0,0.0,6.1388,27375.7113,1.0315,4599.8826
4/21/2022,4393.66,27572.54,0.0,22200.0,0.0,6.1388,26971.839,1.0223,4491.513
4/22/2022,4271.78,26674.76,0.0,22200.0,0.0,6.1388,26223.641,1.0172,4345.2664
4/25/2022,4296.12,27430.33,400.0,22600.0,0.0931,6.2319,26773.0596,1.0245,4401.5884
4/26/2022,4175.2,26223.43,0.0,22600.0,0.0,6.2319,26019.4963,1.0078,4207.9241
4/27/2022,4183.96,26252.81,0.0,22600.0,0.0,6.2319,26074.0879,1.0069,4212.6385
4/28/2022,4287.5,27309.19,0.0,22600.0,0.0,6.2319,26719.3405,1.0221,4382.1498
4/29/2022,4131.93,25922.67,0.0,22600.0,0.0,6.2319,25749.8413,1.0067,4159.6628
5/2/2022,4155.38,26365.54,0.0,22600.0,0.0,6.2319,25895.9797,1.0181,4230.7277
5/3/2022,4175.48,26465.21,0.0,22600.0,0.0,6.2319,26021.2412,1.0171,4246.7211
5/4/2022,4300.17,27567.94,0.0,22600.0,0.0,6.2319,26798.2989,1.0287,4423.6699
5/5/2022,4146.87,26014.0,0.0,22600.0,0.0,6.2319,25842.9461,1.0066,4174.318
5/6/2022,4123.34,25771.6,0.0,22600.0,0.0,6.2319,25696.3091,1.0029,4135.4215
5/9/2022,3991.24,24940.65,400.0,23000.0,0.1002,6.3321,25273.073,0.9868,3938.7422
5/10/2022,4001.05,25226.33,0.0,23000.0,0.0,6.3321,25335.1913,0.9957,3983.8581
5/11/2022,3935.18,24448.18,0.0,23000.0,0.0,6.3321,24918.0935,0.9811,3860.9691
5/12/2022,3930.08,24353.01,0.0,23000.0,0.0,6.3321,24885.7996,0.9786,3845.9394
5/13/2022,4023.89,25360.63,0.0,23000.0,0.0,6.3321,25479.8172,0.9953,4005.0674
5/16/2022,4008.01,25087.22,0.0,23000.0,0.0,6.3321,25379.2629,0.9885,3961.8892
5/17/2022,4088.85,25868.57,0.0,23000.0,0.0,6.3321,25891.1528,0.9991,4085.2836
5/18/2022,3923.68,24408.18,0.0,23000.0,0.0,6.3321,24845.2739,0.9824,3854.6521
5/19/2022,3900.79,24271.4,0.0,23000.0,0.0,6.3321,24700.3313,0.9826,3833.0512
5/20/2022,3901.36,24133.79,0.0,23000.0,0.0,6.3321,24703.9407,0.9769,3811.3192
5/23/2022,3973.75,27645.08,3000.0,26000.0,0.755,7.0871,28162.324,0.9816,3900.766
5/24/2022,3941.48,27082.27,0.0,26000.0,0.0,7.0871,27933.6236,0.9695,3821.3526
5/25/2022,3978.73,27433.7,0.0,26000.0,0.0,7.0871,28197.6177,0.9729,3870.94
5/26/2022,4057.84,28278.6,0.0,26000.0,0.0,7.0871,28758.2774,0.9833,3990.1567
5/27/2022,4158.24,29270.32,0.0,26000.0,0.0,7.0871,29469.8212,0.9932,4130.0901
5/31/2022,4132.15,29142.82,0.0,26000.0,0.0,7.0871,29284.919,0.9951,4112.0996
6/1/2022,4101.23,28906.73,0.0,26000.0,0.0,7.0871,29065.7862,0.9945,4078.7869
6/2/2022,4176.82,29913.98,0.0,26000.0,0.0,7.0871,29601.4993,1.0106,4220.9115
6/3/2022,4108.54,29123.73,0.0,26000.0,0.0,7.0871,29117.5928,1.0002,4109.406
6/6/2022,4121.43,29234.6,0.0,26000.0,0.0,7.0871,29208.9454,1.0009,4125.0499
6/7/2022,4160.68,29480.45,0.0,26000.0,0.0,7.0871,29487.1137,0.9998,4159.7397
6/8/2022,4115.77,29146.0,0.0,26000.0,0.0,7.0871,29168.8325,0.9992,4112.5483
6/9/2022,4017.82,28339.93,0.0,26000.0,0.0,7.0871,28474.652,0.9953,3998.8105
6/10/2022,3900.86,27240.55,0.0,26000.0,0.0,7.0871,27645.746,0.9853,3843.6862
6/13/2022,3749.63,25908.94,0.0,26000.0,0.0,7.0871,26573.9653,0.975,3655.7938
6/14/2022,3735.48,25955.54,0.0,26000.0,0.0,7.0871,26473.683,0.9804,3662.3692
6/15/2022,3789.99,26579.28,0.0,26000.0,0.0,7.0871,26860.0003,0.9895,3750.3799
6/16/2022,3666.77,25447.42,0.0,26000.0,0.0,7.0871,25986.7291,0.9792,3590.6726
6/17/2022,3674.84,25630.88,0.0,26000.0,0.0,7.0871,26043.9219,0.9841,3616.5591
6/21/2022,3764.79,26301.71,0.0,26000.0,0.0,7.0871,26681.4056,0.9858,3711.2143
6/22/2022,3759.89,26281.17,0.0,26000.0,0.0,7.0871,26646.6789,0.9863,3708.3161
6/23/2022,3795.73,26682.91,0.0,26000.0,0.0,7.0871,26900.6802,0.9919,3765.0023
6/24/2022,3911.74,27737.23,0.0,26000.0,0.0,7.0871,27722.8535,1.0005,3913.7685
6/27/2022,3900.11,27534.51,0.0,26000.0,0.0,7.0871,27640.4306,0.9962,3885.1644
6/28/2022,3821.55,26596.87,0.0,26000.0,0.0,7.0871,27083.6689,0.982,3752.8619
6/29/2022,3818.83,26582.03,0.0,26000.0,0.0,7.0871,27064.392,0.9822,3750.7679
6/30/2022,3785.38,26281.19,0.0,26000.0,0.0,7.0871,26827.3288,0.9796,3708.3189
7/1/2022,3825.33,26381.71,0.0,26000.0,0.0,7.0871,27110.4581,0.9731,3722.5025
7/5/2022,3831.39,26794.87,0.0,26000.0,0.0,7.0871,27153.4058,0.9868,3780.8
7/6/2022,3845.08,26966.85,0.0,26000.0,0.0,7.0871,27250.4281,0.9896,3805.0667
7/7/2022,3902.62,27601.63,0.0,26000.0,0.0,7.0871,27658.2192,0.998,3894.6352
7/8/2022,3899.38,27644.38,0.0,26000.0,0.0,7.0871,27635.2571,1.0003,3900.6673
7/11/2022,3854.43,27102.5,0.0,26000.0,0.0,7.0871,27316.6924,0.9922,3824.2071
7/12/2022,3818.8,26727.48,0.0,26000.0,0.0,7.0871,27064.1794,0.9876,3771.2912
7/13/2022,3801.78,26678.13,0.0,26000.0,0.0,7.0871,26943.5571,0.9901,3764.3278
7/14/2022,3790.38,26803.8,0.0,26000.0,0.0,7.0871,26862.7643,0.9978,3782.06
7/15/2022,3863.16,27359.43,0.0,26000.0,0.0,7.0871,27378.5627,0.9993,3860.4603
7/18/2022,3830.85,27137.72,0.0,26000.0,0.0,7.0871,27149.5788,0.9996,3829.1767
7/19/2022,3936.69,28074.03,0.0,26000.0,0.0,7.0871,27899.6764,1.0062,3961.2916
7/20/2022,3959.9,28550.04,0.0,26000.0,0.0,7.0871,28064.1678,1.0173,4028.4574
7/21/2022,3998.95,29043.81,0.0,26000.0,0.0,7.0871,28340.9186,1.0248,4098.1291
7/22/2022,3961.63,28495.03,0.0,26000.0,0.0,7.0871,28076.4284,1.0149,4020.6954
7/25/2022,3966.84,28372.95,0.0,26000.0,0.0,7.0871,28113.3522,1.0092,4003.4697
7/26/2022,3921.05,27777.81,0.0,26000.0,0.0,7.0871,27788.8343,0.9996,3919.4945
7/27/2022,4023.61,28969.38,0.0,26000.0,0.0,7.0871,28515.6863,1.0159,4087.6269
7/28/2022,4072.43,29420.96,0.0,26000.0,0.0,7.0871,28861.678,1.0194,4151.3456
7/29/2022,4130.29,30067.08,0.0,26000.0,0.0,7.0871,29271.737,1.0272,4242.5142
8/1/2022,4118.63,30050.38,0.0,26000.0,0.0,7.0871,29189.1016,1.0295,4240.1578
8/2/2022,4091.19,29954.9,0.0,26000.0,0.0,7.0871,28994.6318,1.0331,4226.6854
8/3/2022,4155.17,30625.76,0.0,26000.0,0.0,7.0871,29448.0638,1.04,4321.3449
8/4/2022,4151.94,30875.72,0.0,26000.0,0.0,7.0871,29425.1725,1.0493,4356.6146
8/5/2022,4145.19,30668.27,0.0,26000.0,0.0,7.0871,29377.3347,1.0439,4327.3431
8/8/2022,4140.06,30523.87,0.0,26000.0,0.0,7.0871,29340.9779,1.0403,4306.968
8/9/2022,4122.47,30115.86,0.0,26000.0,0.0,7.0871,29216.316,1.0308,4249.3971
8/10/2022,4210.24,31022.35,0.0,26000.0,0.0,7.0871,29838.3499,1.0397,4377.3044
8/11/2022,4207.27,30854.16,0.0,26000.0,0.0,7.0871,29817.3012,1.0348,4353.5725
8/12/2022,4280.15,31536.48,0.0,26000.0,0.0,7.0871,30333.8083,1.0396,4449.8489
8/15/2022,4297.14,31755.54,0.0,26000.0,0.0,7.0871,30454.218,1.0427,4480.7587
8/16/2022,4305.2,31723.36,0.0,26000.0,0.0,7.0871,30511.3399,1.0397,4476.218
8/17/2022,4274.04,31388.62,0.0,26000.0,0.0,7.0871,30290.5062,1.0363,4428.9857
8/18/2022,4283.74,31531.64,0.0,26000.0,0.0,7.0871,30359.251,1.0386,4449.166
8/19/2022,4228.48,30811.85,0.0,26000.0,0.0,7.0871,29967.6184,1.0282,4347.6025
8/22/2022,4137.99,29923.49,0.0,26000.0,0.0,7.0871,29326.3076,1.0204,4222.2534
8/23/2022,4128.73,29850.97,0.0,26000.0,0.0,7.0871,29260.6812,1.0202,4212.0207
8/24/2022,4140.77,29932.67,0.0,26000.0,0.0,7.0871,29346.0097,1.02,4223.5487
8/25/2022,4199.12,30566.66,0.0,26000.0,0.0,7.0871,29759.5414,1.0271,4313.0058
8/26/2022,4057.66,29144.77,0.0,26000.0,0.0,7.0871,28757.0017,1.0135,4112.3747
8/29/2022,4030.61,28772.53,0.0,26000.0,0.0,7.0871,28565.2959,1.0073,4059.8511
8/30/2022,3986.16,28393.62,0.0,26000.0,0.0,7.0871,28250.2747,1.0051,4006.3863
8/31/2022,3955.0,28129.45,0.0,26000.0,0.0,7.0871,28029.441,1.0036,3969.1114
9/1/2022,3966.85,28108.37,0.0,26000.0,0.0,7.0871,28113.423,0.9998,3966.137
9/2/2022,3924.26,27684.18,0.0,26000.0,0.0,7.0871,27811.5839,0.9954,3906.2831
9/6/2022,3908.19,27511.63,0.0,26000.0,0.0,7.0871,27697.6943,0.9933,3881.936
9/7/2022,3979.87,28085.78,0.0,26000.0,0.0,7.0871,28205.6969,0.9957,3962.9495
9/8/2022,4006.18,28344.61,0.0,26000.0,0.0,7.0871,28392.1583,0.9983,3999.4709
9/9/2022,4067.36,28992.18,0.0,26000.0,0.0,7.0871,28825.7465,1.0058,4090.844
9/12/2022,4110.41,29340.78,0.0,26000.0,0.0,7.0871,29130.8457,1.0072,4140.0321
9/13/2022,3932.69,27552.91,0.0,26000.0,0.0,7.0871,27871.328,0.9886,3887.7607
9/14/2022,3946.01,27694.78,0.0,26000.0,0.0,7.0871,27965.7281,0.9903,3907.7788
9/15/2022,3901.35,27242.21,0.0,26000.0,0.0,7.0871,27649.2186,0.9853,3843.9204
9/16/2022,3873.33,27040.39,0.0,26000.0,0.0,7.0871,27450.6384,0.9851,3815.4433
9/19/2022,3899.89,27208.97,0.0,26000.0,0.0,7.0871,27638.8715,0.9844,3839.2302
9/20/2022,3855.93,26905.58,0.0,26000.0,0.0,7.0871,27327.323,0.9846,3796.4214
9/21/2022,3789.93,26406.31,0.0,26000.0,0.0,7.0871,26859.5751,0.9831,3725.9736
9/22/2022,3757.99,26032.83,0.0,26000.0,0.0,7.0871,26633.2134,0.9775,3673.2749
9/23/2022,3693.23,25554.35,0.0,26000.0,0.0,7.0871,26174.2535,0.9763,3605.7606
9/26/2022,3655.04,25385.35,0.0,26000.0,0.0,7.0871,25903.5975,0.98,3581.9144
9/27/2022,3647.29,25419.51,0.0,26000.0,0.0,7.0871,25848.6725,0.9834,3586.7345
9/28/2022,3719.04,25953.02,0.0,26000.0,0.0,7.0871,26357.1713,0.9847,3662.0136
9/29/2022,3640.47,25173.19,0.0,26000.0,0.0,7.0871,25800.3386,0.9757,3551.9783
9/30/2022,3585.62,24724.27,0.0,26000.0,0.0,7.0871,25411.6117,0.973,3488.635
10/3/2022,3678.43,25377.15,0.0,26000.0,0.0,7.0871,26069.3645,0.9734,3580.7574
10/4/2022,3790.93,26242.62,0.0,26000.0,0.0,7.0871,26866.6622,0.9768,3702.8766
10/5/2022,3783.28,26219.57,0.0,26000.0,0.0,7.0871,26812.4459,0.9779,3699.6242
10/6/2022,3744.52,26023.27,0.0,26000.0,0.0,7.0871,26537.7503,0.9806,3671.926
10/7/2022,3639.66,26023.27,0.0,26000.0,0.0,7.0871,25794.5981,1.0089,3671.926
